-- phpMyAdmin SQL Dump
-- version 5.2.1
-- https://www.phpmyadmin.net/
--
-- Host: localhost
-- Waktu pembuatan: 28 Nov 2023 pada 10.15
-- Versi server: 10.4.28-MariaDB
-- Versi PHP: 8.2.4

SET SQL_MODE = "NO_AUTO_VALUE_ON_ZERO";
START TRANSACTION;
SET time_zone = "+00:00";


/*!40101 SET @OLD_CHARACTER_SET_CLIENT=@@CHARACTER_SET_CLIENT */;
/*!40101 SET @OLD_CHARACTER_SET_RESULTS=@@CHARACTER_SET_RESULTS */;
/*!40101 SET @OLD_COLLATION_CONNECTION=@@COLLATION_CONNECTION */;
/*!40101 SET NAMES utf8mb4 */;

--
-- Database: `tugas_akhir`
--

-- --------------------------------------------------------

--
-- Struktur dari tabel `kategori`
--

CREATE TABLE `kategori` (
  `id` int(11) NOT NULL,
  `kategori` varchar(50) NOT NULL
) ENGINE=InnoDB DEFAULT CHARSET=utf8mb4 COLLATE=utf8mb4_general_ci;

--
-- Dumping data untuk tabel `kategori`
--

INSERT INTO `kategori` (`id`, `kategori`) VALUES
(1, 'Alat Tani'),
(2, 'Bibit'),
(3, 'Pupuk'),
(4, 'Obat');

-- --------------------------------------------------------

--
-- Struktur dari tabel `produk`
--

CREATE TABLE `produk` (
  `id` int(11) NOT NULL,
  `kategori_id` int(11) NOT NULL,
  `toko_id` int(11) DEFAULT NULL,
  `user_id` int(11) DEFAULT NULL,
  `nama` varchar(255) NOT NULL,
  `harga` int(255) NOT NULL,
  `foto` varchar(255) NOT NULL,
  `detail` text NOT NULL,
  `stok` int(11) NOT NULL
) ENGINE=InnoDB DEFAULT CHARSET=utf8mb4 COLLATE=utf8mb4_general_ci;

--
-- Dumping data untuk tabel `produk`
--

INSERT INTO `produk` (`id`, `kategori_id`, `toko_id`, `user_id`, `nama`, `harga`, `foto`, `detail`, `stok`) VALUES
(1, 4, 3, 3, 'Malika', 35000, 'Malika.jpg', 'Selamat datang di AA Pertanian! <br><br>Kami hadir dengan penawaran super spesial untuk para petani hebat di Indonesia! Dapatkan alat tani terbaik dan pupuk super unggul di AA Pertanian dengan harga yang bikin kantong tetap aman. Kualitas tanaman kamu pasti lebih makmur, dan hasil panen melimpah! <br><br>Alat Tani Berkualitas: Dari yang canggih sampai yang klasik, lengkap di sini! <br>Pupuk Pilihan: Buat tanaman sehat dan subur, panen pasti berasa juara! <br>Harga Terbaik: Kualitas premium, harga terjangkau. Lebih hemat, lebih untung! <br><br>Jangan lewatkan kesempatan emas ini, kunjungi AA Pertanian sekarang! Tanam impian, panen prestasi bersama AA Pertanian.', 79),
(2, 4, 3, 3, 'Amistar Top 100ml', 105000, 'Amistartop100ml.jpg', 'Selamat datang di AA Pertanian! <br><br>Kami hadir dengan penawaran super spesial untuk para petani hebat di Indonesia! Dapatkan alat tani terbaik dan pupuk super unggul di AA Pertanian dengan harga yang bikin kantong tetap aman. Kualitas tanaman kamu pasti lebih makmur, dan hasil panen melimpah! <br><br>Alat Tani Berkualitas: Dari yang canggih sampai yang klasik, lengkap di sini! <br>Pupuk Pilihan: Buat tanaman sehat dan subur, panen pasti berasa juara! <br>Harga Terbaik: Kualitas premium, harga terjangkau. Lebih hemat, lebih untung! <br><br>Jangan lewatkan kesempatan emas ini, kunjungi AA Pertanian sekarang! Tanam impian, panen prestasi bersama AA Pertanian.', 26),
(3, 4, 3, 3, 'Oriztin 100ml', 120000, 'ortizin100ml.jpg', 'Selamat datang di AA Pertanian! <br><br>Kami hadir dengan penawaran super spesial untuk para petani hebat di Indonesia! Dapatkan alat tani terbaik dan pupuk super unggul di AA Pertanian dengan harga yang bikin kantong tetap aman. Kualitas tanaman kamu pasti lebih makmur, dan hasil panen melimpah! <br><br>Alat Tani Berkualitas: Dari yang canggih sampai yang klasik, lengkap di sini! <br>Pupuk Pilihan: Buat tanaman sehat dan subur, panen pasti berasa juara! <br>Harga Terbaik: Kualitas premium, harga terjangkau. Lebih hemat, lebih untung! <br><br>Jangan lewatkan kesempatan emas ini, kunjungi AA Pertanian sekarang! Tanam impian, panen prestasi bersama AA Pertanian.', 66),
(4, 3, 3, 3, 'Nitrea 5kg', 25000, 'nitrea5kg.jpg', 'Selamat datang di AA Pertanian! <br><br>Kami hadir dengan penawaran super spesial untuk para petani hebat di Indonesia! Dapatkan alat tani terbaik dan pupuk super unggul di AA Pertanian dengan harga yang bikin kantong tetap aman. Kualitas tanaman kamu pasti lebih makmur, dan hasil panen melimpah! <br><br>Alat Tani Berkualitas: Dari yang canggih sampai yang klasik, lengkap di sini! <br>Pupuk Pilihan: Buat tanaman sehat dan subur, panen pasti berasa juara! <br>Harga Terbaik: Kualitas premium, harga terjangkau. Lebih hemat, lebih untung! <br><br>Jangan lewatkan kesempatan emas ini, kunjungi AA Pertanian sekarang! Tanam impian, panen prestasi bersama AA Pertanian.', 80),
(5, 3, 3, 3, 'Meroke Mag-s', 14000, 'meroke mags.jpg', 'Selamat datang di AA Pertanian! <br><br>Kami hadir dengan penawaran super spesial untuk para petani hebat di Indonesia! Dapatkan alat tani terbaik dan pupuk super unggul di AA Pertanian dengan harga yang bikin kantong tetap aman. Kualitas tanaman kamu pasti lebih makmur, dan hasil panen melimpah! <br><br>Alat Tani Berkualitas: Dari yang canggih sampai yang klasik, lengkap di sini! <br>Pupuk Pilihan: Buat tanaman sehat dan subur, panen pasti berasa juara! <br>Harga Terbaik: Kualitas premium, harga terjangkau. Lebih hemat, lebih untung! <br><br>Jangan lewatkan kesempatan emas ini, kunjungi AA Pertanian sekarang! Tanam impian, panen prestasi bersama AA Pertanian.', 33),
(6, 3, 3, 3, 'Mutiara Grower', 70000, 'mutiaragrower.jpg', 'Selamat datang di AA Pertanian! <br><br>Kami hadir dengan penawaran super spesial untuk para petani hebat di Indonesia! Dapatkan alat tani terbaik dan pupuk super unggul di AA Pertanian dengan harga yang bikin kantong tetap aman. Kualitas tanaman kamu pasti lebih makmur, dan hasil panen melimpah! <br><br>Alat Tani Berkualitas: Dari yang canggih sampai yang klasik, lengkap di sini! <br>Pupuk Pilihan: Buat tanaman sehat dan subur, panen pasti berasa juara! <br>Harga Terbaik: Kualitas premium, harga terjangkau. Lebih hemat, lebih untung! <br><br>Jangan lewatkan kesempatan emas ini, kunjungi AA Pertanian sekarang! Tanam impian, panen prestasi bersama AA Pertanian.', 57),
(7, 3, 3, 3, 'Mutiara', 18000, 'mutiara.jpg', 'Selamat datang di AA Pertanian! <br><br>Kami hadir dengan penawaran super spesial untuk para petani hebat di Indonesia! Dapatkan alat tani terbaik dan pupuk super unggul di AA Pertanian dengan harga yang bikin kantong tetap aman. Kualitas tanaman kamu pasti lebih makmur, dan hasil panen melimpah! <br><br>Alat Tani Berkualitas: Dari yang canggih sampai yang klasik, lengkap di sini! <br>Pupuk Pilihan: Buat tanaman sehat dan subur, panen pasti berasa juara! <br>Harga Terbaik: Kualitas premium, harga terjangkau. Lebih hemat, lebih untung! <br><br>Jangan lewatkan kesempatan emas ini, kunjungi AA Pertanian sekarang! Tanam impian, panen prestasi bersama AA Pertanian.', 46),
(8, 3, 3, 3, 'Goldenmax', 13000, 'goldenmax.jpg', 'Selamat datang di AA Pertanian! <br><br>Kami hadir dengan penawaran super spesial untuk para petani hebat di Indonesia! Dapatkan alat tani terbaik dan pupuk super unggul di AA Pertanian dengan harga yang bikin kantong tetap aman. Kualitas tanaman kamu pasti lebih makmur, dan hasil panen melimpah! <br><br>Alat Tani Berkualitas: Dari yang canggih sampai yang klasik, lengkap di sini! <br>Pupuk Pilihan: Buat tanaman sehat dan subur, panen pasti berasa juara! <br>Harga Terbaik: Kualitas premium, harga terjangkau. Lebih hemat, lebih untung! <br><br>Jangan lewatkan kesempatan emas ini, kunjungi AA Pertanian sekarang! Tanam impian, panen prestasi bersama AA Pertanian.', 65),
(9, 3, 3, 3, 'Cendana', 11000, 'cendana.jpg', 'Selamat datang di AA Pertanian! <br><br>Kami hadir dengan penawaran super spesial untuk para petani hebat di Indonesia! Dapatkan alat tani terbaik dan pupuk super unggul di AA Pertanian dengan harga yang bikin kantong tetap aman. Kualitas tanaman kamu pasti lebih makmur, dan hasil panen melimpah! <br><br>Alat Tani Berkualitas: Dari yang canggih sampai yang klasik, lengkap di sini! <br>Pupuk Pilihan: Buat tanaman sehat dan subur, panen pasti berasa juara! <br>Harga Terbaik: Kualitas premium, harga terjangkau. Lebih hemat, lebih untung! <br><br>Jangan lewatkan kesempatan emas ini, kunjungi AA Pertanian sekarang! Tanam impian, panen prestasi bersama AA Pertanian.', 17),
(10, 1, 3, 3, 'Rafia Boladunia', 20000, 'rafiaboladunia.jpg', 'Selamat datang di AA Pertanian! <br><br>Kami hadir dengan penawaran super spesial untuk para petani hebat di Indonesia! Dapatkan alat tani terbaik dan pupuk super unggul di AA Pertanian dengan harga yang bikin kantong tetap aman. Kualitas tanaman kamu pasti lebih makmur, dan hasil panen melimpah! <br><br>Alat Tani Berkualitas: Dari yang canggih sampai yang klasik, lengkap di sini! <br>Pupuk Pilihan: Buat tanaman sehat dan subur, panen pasti berasa juara! <br>Harga Terbaik: Kualitas premium, harga terjangkau. Lebih hemat, lebih untung! <br><br>Jangan lewatkan kesempatan emas ini, kunjungi AA Pertanian sekarang! Tanam impian, panen prestasi bersama AA Pertanian.', 78),
(11, 2, 3, 3, 'Talenta', 86000, 'talenta.jpg', 'Selamat datang di AA Pertanian! <br><br>Kami hadir dengan penawaran super spesial untuk para petani hebat di Indonesia! Dapatkan alat tani terbaik dan pupuk super unggul di AA Pertanian dengan harga yang bikin kantong tetap aman. Kualitas tanaman kamu pasti lebih makmur, dan hasil panen melimpah! <br><br>Alat Tani Berkualitas: Dari yang canggih sampai yang klasik, lengkap di sini! <br>Pupuk Pilihan: Buat tanaman sehat dan subur, panen pasti berasa juara! <br>Harga Terbaik: Kualitas premium, harga terjangkau. Lebih hemat, lebih untung! <br><br>Jangan lewatkan kesempatan emas ini, kunjungi AA Pertanian sekarang! Tanam impian, panen prestasi bersama AA Pertanian.', 35),
(12, 2, 3, 3, 'Sygenta Jagung Hybrida', 90000, 'sygentajagunghybrida.jpg', 'Selamat datang di AA Pertanian! <br><br>Kami hadir dengan penawaran super spesial untuk para petani hebat di Indonesia! Dapatkan alat tani terbaik dan pupuk super unggul di AA Pertanian dengan harga yang bikin kantong tetap aman. Kualitas tanaman kamu pasti lebih makmur, dan hasil panen melimpah! <br><br>Alat Tani Berkualitas: Dari yang canggih sampai yang klasik, lengkap di sini! <br>Pupuk Pilihan: Buat tanaman sehat dan subur, panen pasti berasa juara! <br>Harga Terbaik: Kualitas premium, harga terjangkau. Lebih hemat, lebih untung! <br><br>Jangan lewatkan kesempatan emas ini, kunjungi AA Pertanian sekarang! Tanam impian, panen prestasi bersama AA Pertanian.', 53),
(13, 2, 3, 3, 'Mahkota', 37000, 'mahkota.jpg', 'Selamat datang di AA Pertanian! <br><br>Kami hadir dengan penawaran super spesial untuk para petani hebat di Indonesia! Dapatkan alat tani terbaik dan pupuk super unggul di AA Pertanian dengan harga yang bikin kantong tetap aman. Kualitas tanaman kamu pasti lebih makmur, dan hasil panen melimpah! <br><br>Alat Tani Berkualitas: Dari yang canggih sampai yang klasik, lengkap di sini! <br>Pupuk Pilihan: Buat tanaman sehat dan subur, panen pasti berasa juara! <br>Harga Terbaik: Kualitas premium, harga terjangkau. Lebih hemat, lebih untung! <br><br>Jangan lewatkan kesempatan emas ini, kunjungi AA Pertanian sekarang! Tanam impian, panen prestasi bersama AA Pertanian.', 66),
(14, 4, 3, 3, 'Ambition', 85000, 'ambition.jpg', 'Selamat datang di AA Pertanian! <br><br>Kami hadir dengan penawaran super spesial untuk para petani hebat di Indonesia! Dapatkan alat tani terbaik dan pupuk super unggul di AA Pertanian dengan harga yang bikin kantong tetap aman. Kualitas tanaman kamu pasti lebih makmur, dan hasil panen melimpah! <br><br>Alat Tani Berkualitas: Dari yang canggih sampai yang klasik, lengkap di sini! <br>Pupuk Pilihan: Buat tanaman sehat dan subur, panen pasti berasa juara! <br>Harga Terbaik: Kualitas premium, harga terjangkau. Lebih hemat, lebih untung! <br><br>Jangan lewatkan kesempatan emas ini, kunjungi AA Pertanian sekarang! Tanam impian, panen prestasi bersama AA Pertanian.', 90),
(15, 4, 3, 3, 'Caleb-tin', 27000, 'calebtin.jpg', 'Selamat datang di AA Pertanian! <br><br>Kami hadir dengan penawaran super spesial untuk para petani hebat di Indonesia! Dapatkan alat tani terbaik dan pupuk super unggul di AA Pertanian dengan harga yang bikin kantong tetap aman. Kualitas tanaman kamu pasti lebih makmur, dan hasil panen melimpah! <br><br>Alat Tani Berkualitas: Dari yang canggih sampai yang klasik, lengkap di sini! <br>Pupuk Pilihan: Buat tanaman sehat dan subur, panen pasti berasa juara! <br>Harga Terbaik: Kualitas premium, harga terjangkau. Lebih hemat, lebih untung! <br><br>Jangan lewatkan kesempatan emas ini, kunjungi AA Pertanian sekarang! Tanam impian, panen prestasi bersama AA Pertanian.', 10),
(16, 4, 3, 3, 'Konate 100ml', 78000, 'konate100ml.jpg', 'Selamat datang di AA Pertanian! <br><br>Kami hadir dengan penawaran super spesial untuk para petani hebat di Indonesia! Dapatkan alat tani terbaik dan pupuk super unggul di AA Pertanian dengan harga yang bikin kantong tetap aman. Kualitas tanaman kamu pasti lebih makmur, dan hasil panen melimpah! <br><br>Alat Tani Berkualitas: Dari yang canggih sampai yang klasik, lengkap di sini! <br>Pupuk Pilihan: Buat tanaman sehat dan subur, panen pasti berasa juara! <br>Harga Terbaik: Kualitas premium, harga terjangkau. Lebih hemat, lebih untung! <br><br>Jangan lewatkan kesempatan emas ini, kunjungi AA Pertanian sekarang! Tanam impian, panen prestasi bersama AA Pertanian.', 16),
(17, 4, 3, 3, 'Camacron 250ml', 50000, 'camacron250ml.jpg', 'Selamat datang di AA Pertanian! <br><br>Kami hadir dengan penawaran super spesial untuk para petani hebat di Indonesia! Dapatkan alat tani terbaik dan pupuk super unggul di AA Pertanian dengan harga yang bikin kantong tetap aman. Kualitas tanaman kamu pasti lebih makmur, dan hasil panen melimpah! <br><br>Alat Tani Berkualitas: Dari yang canggih sampai yang klasik, lengkap di sini! <br>Pupuk Pilihan: Buat tanaman sehat dan subur, panen pasti berasa juara! <br>Harga Terbaik: Kualitas premium, harga terjangkau. Lebih hemat, lebih untung! <br><br>Jangan lewatkan kesempatan emas ini, kunjungi AA Pertanian sekarang! Tanam impian, panen prestasi bersama AA Pertanian.', 69),
(18, 4, 3, 3, 'Ulate 100ml', 57000, 'ulate100ml.jpg', 'Selamat datang di AA Pertanian! <br><br>Kami hadir dengan penawaran super spesial untuk para petani hebat di Indonesia! Dapatkan alat tani terbaik dan pupuk super unggul di AA Pertanian dengan harga yang bikin kantong tetap aman. Kualitas tanaman kamu pasti lebih makmur, dan hasil panen melimpah! <br><br>Alat Tani Berkualitas: Dari yang canggih sampai yang klasik, lengkap di sini! <br>Pupuk Pilihan: Buat tanaman sehat dan subur, panen pasti berasa juara! <br>Harga Terbaik: Kualitas premium, harga terjangkau. Lebih hemat, lebih untung! <br><br>Jangan lewatkan kesempatan emas ini, kunjungi AA Pertanian sekarang! Tanam impian, panen prestasi bersama AA Pertanian.', 80),
(19, 4, 3, 3, 'Floxs 100ml', 40000, 'flox100ml.jpg', 'Selamat datang di AA Pertanian! <br><br>Kami hadir dengan penawaran super spesial untuk para petani hebat di Indonesia! Dapatkan alat tani terbaik dan pupuk super unggul di AA Pertanian dengan harga yang bikin kantong tetap aman. Kualitas tanaman kamu pasti lebih makmur, dan hasil panen melimpah! <br><br>Alat Tani Berkualitas: Dari yang canggih sampai yang klasik, lengkap di sini! <br>Pupuk Pilihan: Buat tanaman sehat dan subur, panen pasti berasa juara! <br>Harga Terbaik: Kualitas premium, harga terjangkau. Lebih hemat, lebih untung! <br><br>Jangan lewatkan kesempatan emas ini, kunjungi AA Pertanian sekarang! Tanam impian, panen prestasi bersama AA Pertanian.', 90),
(20, 4, 3, 3, 'Heyna 100ml', 45000, 'hyena.jpg', 'Selamat datang di AA Pertanian! <br><br>Kami hadir dengan penawaran super spesial untuk para petani hebat di Indonesia! Dapatkan alat tani terbaik dan pupuk super unggul di AA Pertanian dengan harga yang bikin kantong tetap aman. Kualitas tanaman kamu pasti lebih makmur, dan hasil panen melimpah! <br><br>Alat Tani Berkualitas: Dari yang canggih sampai yang klasik, lengkap di sini! <br>Pupuk Pilihan: Buat tanaman sehat dan subur, panen pasti berasa juara! <br>Harga Terbaik: Kualitas premium, harga terjangkau. Lebih hemat, lebih untung! <br><br>Jangan lewatkan kesempatan emas ini, kunjungi AA Pertanian sekarang! Tanam impian, panen prestasi bersama AA Pertanian.', 83),
(21, 3, 3, 3, 'Goden Star NPK Tablet 5kg', 55000, 'godenstar.jpg', 'Selamat datang di AA Pertanian! <br><br>Kami hadir dengan penawaran super spesial untuk para petani hebat di Indonesia! Dapatkan alat tani terbaik dan pupuk super unggul di AA Pertanian dengan harga yang bikin kantong tetap aman. Kualitas tanaman kamu pasti lebih makmur, dan hasil panen melimpah! <br><br>Alat Tani Berkualitas: Dari yang canggih sampai yang klasik, lengkap di sini! <br>Pupuk Pilihan: Buat tanaman sehat dan subur, panen pasti berasa juara! <br>Harga Terbaik: Kualitas premium, harga terjangkau. Lebih hemat, lebih untung! <br><br>Jangan lewatkan kesempatan emas ini, kunjungi AA Pertanian sekarang! Tanam impian, panen prestasi bersama AA Pertanian.', 35),
(22, 4, 3, 3, 'Super KNO3', 60000, 'superkno3.jpg', 'Selamat datang di AA Pertanian! <br><br>Kami hadir dengan penawaran super spesial untuk para petani hebat di Indonesia! Dapatkan alat tani terbaik dan pupuk super unggul di AA Pertanian dengan harga yang bikin kantong tetap aman. Kualitas tanaman kamu pasti lebih makmur, dan hasil panen melimpah! <br><br>Alat Tani Berkualitas: Dari yang canggih sampai yang klasik, lengkap di sini! <br>Pupuk Pilihan: Buat tanaman sehat dan subur, panen pasti berasa juara! <br>Harga Terbaik: Kualitas premium, harga terjangkau. Lebih hemat, lebih untung! <br><br>Jangan lewatkan kesempatan emas ini, kunjungi AA Pertanian sekarang! Tanam impian, panen prestasi bersama AA Pertanian.', 93),
(23, 4, 3, 3, 'Curacron 500ml', 125000, 'curacron.jpeg', 'Selamat datang di AA Pertanian! <br><br>Kami hadir dengan penawaran super spesial untuk para petani hebat di Indonesia! Dapatkan alat tani terbaik dan pupuk super unggul di AA Pertanian dengan harga yang bikin kantong tetap aman. Kualitas tanaman kamu pasti lebih makmur, dan hasil panen melimpah! <br><br>Alat Tani Berkualitas: Dari yang canggih sampai yang klasik, lengkap di sini! <br>Pupuk Pilihan: Buat tanaman sehat dan subur, panen pasti berasa juara! <br>Harga Terbaik: Kualitas premium, harga terjangkau. Lebih hemat, lebih untung! <br><br>Jangan lewatkan kesempatan emas ini, kunjungi AA Pertanian sekarang! Tanam impian, panen prestasi bersama AA Pertanian.', 32),
(24, 4, 3, 3, 'Agropos 250ml', 35000, 'agropos250ml.jpeg', 'Selamat datang di AA Pertanian! <br><br>Kami hadir dengan penawaran super spesial untuk para petani hebat di Indonesia! Dapatkan alat tani terbaik dan pupuk super unggul di AA Pertanian dengan harga yang bikin kantong tetap aman. Kualitas tanaman kamu pasti lebih makmur, dan hasil panen melimpah! <br><br>Alat Tani Berkualitas: Dari yang canggih sampai yang klasik, lengkap di sini! <br>Pupuk Pilihan: Buat tanaman sehat dan subur, panen pasti berasa juara! <br>Harga Terbaik: Kualitas premium, harga terjangkau. Lebih hemat, lebih untung! <br><br>Jangan lewatkan kesempatan emas ini, kunjungi AA Pertanian sekarang! Tanam impian, panen prestasi bersama AA Pertanian.', 40),
(25, 4, 3, 3, 'Tandem 100ml', 38000, 'tandem100ml.jpeg', 'Selamat datang di AA Pertanian! <br><br>Kami hadir dengan penawaran super spesial untuk para petani hebat di Indonesia! Dapatkan alat tani terbaik dan pupuk super unggul di AA Pertanian dengan harga yang bikin kantong tetap aman. Kualitas tanaman kamu pasti lebih makmur, dan hasil panen melimpah! <br><br>Alat Tani Berkualitas: Dari yang canggih sampai yang klasik, lengkap di sini! <br>Pupuk Pilihan: Buat tanaman sehat dan subur, panen pasti berasa juara! <br>Harga Terbaik: Kualitas premium, harga terjangkau. Lebih hemat, lebih untung! <br><br>Jangan lewatkan kesempatan emas ini, kunjungi AA Pertanian sekarang! Tanam impian, panen prestasi bersama AA Pertanian.', 49),
(26, 4, 3, 3, 'Welldan 100ml', 30000, 'welldan.jpeg', 'Selamat datang di AA Pertanian! <br><br>Kami hadir dengan penawaran super spesial untuk para petani hebat di Indonesia! Dapatkan alat tani terbaik dan pupuk super unggul di AA Pertanian dengan harga yang bikin kantong tetap aman. Kualitas tanaman kamu pasti lebih makmur, dan hasil panen melimpah! <br><br>Alat Tani Berkualitas: Dari yang canggih sampai yang klasik, lengkap di sini! <br>Pupuk Pilihan: Buat tanaman sehat dan subur, panen pasti berasa juara! <br>Harga Terbaik: Kualitas premium, harga terjangkau. Lebih hemat, lebih untung! <br><br>Jangan lewatkan kesempatan emas ini, kunjungi AA Pertanian sekarang! Tanam impian, panen prestasi bersama AA Pertanian.', 75),
(27, 4, 3, 3, 'Atonik 100ml', 15000, 'atonik100ml\'.jpeg', 'Selamat datang di AA Pertanian! <br><br>Kami hadir dengan penawaran super spesial untuk para petani hebat di Indonesia! Dapatkan alat tani terbaik dan pupuk super unggul di AA Pertanian dengan harga yang bikin kantong tetap aman. Kualitas tanaman kamu pasti lebih makmur, dan hasil panen melimpah! <br><br>Alat Tani Berkualitas: Dari yang canggih sampai yang klasik, lengkap di sini! <br>Pupuk Pilihan: Buat tanaman sehat dan subur, panen pasti berasa juara! <br>Harga Terbaik: Kualitas premium, harga terjangkau. Lebih hemat, lebih untung! <br><br>Jangan lewatkan kesempatan emas ini, kunjungi AA Pertanian sekarang! Tanam impian, panen prestasi bersama AA Pertanian.', 91),
(28, 4, 3, 3, 'Lamdarin 250ml', 40000, 'lamdarin250ml.jpeg', 'Selamat datang di AA Pertanian! <br><br>Kami hadir dengan penawaran super spesial untuk para petani hebat di Indonesia! Dapatkan alat tani terbaik dan pupuk super unggul di AA Pertanian dengan harga yang bikin kantong tetap aman. Kualitas tanaman kamu pasti lebih makmur, dan hasil panen melimpah! <br><br>Alat Tani Berkualitas: Dari yang canggih sampai yang klasik, lengkap di sini! <br>Pupuk Pilihan: Buat tanaman sehat dan subur, panen pasti berasa juara! <br>Harga Terbaik: Kualitas premium, harga terjangkau. Lebih hemat, lebih untung! <br><br>Jangan lewatkan kesempatan emas ini, kunjungi AA Pertanian sekarang! Tanam impian, panen prestasi bersama AA Pertanian.', 86),
(29, 4, 3, 3, 'Methamidhopos 500ml', 59000, 'methamidhopos 50ce.jpeg', 'Selamat datang di AA Pertanian! <br><br>Kami hadir dengan penawaran super spesial untuk para petani hebat di Indonesia! Dapatkan alat tani terbaik dan pupuk super unggul di AA Pertanian dengan harga yang bikin kantong tetap aman. Kualitas tanaman kamu pasti lebih makmur, dan hasil panen melimpah! <br><br>Alat Tani Berkualitas: Dari yang canggih sampai yang klasik, lengkap di sini! <br>Pupuk Pilihan: Buat tanaman sehat dan subur, panen pasti berasa juara! <br>Harga Terbaik: Kualitas premium, harga terjangkau. Lebih hemat, lebih untung! <br><br>Jangan lewatkan kesempatan emas ini, kunjungi AA Pertanian sekarang! Tanam impian, panen prestasi bersama AA Pertanian.', 92),
(30, 4, 3, 3, 'MGP Magnesium', 70000, 'mgp magnesium.jpeg', 'Selamat datang di AA Pertanian! <br><br>Kami hadir dengan penawaran super spesial untuk para petani hebat di Indonesia! Dapatkan alat tani terbaik dan pupuk super unggul di AA Pertanian dengan harga yang bikin kantong tetap aman. Kualitas tanaman kamu pasti lebih makmur, dan hasil panen melimpah! <br><br>Alat Tani Berkualitas: Dari yang canggih sampai yang klasik, lengkap di sini! <br>Pupuk Pilihan: Buat tanaman sehat dan subur, panen pasti berasa juara! <br>Harga Terbaik: Kualitas premium, harga terjangkau. Lebih hemat, lebih untung! <br><br>Jangan lewatkan kesempatan emas ini, kunjungi AA Pertanian sekarang! Tanam impian, panen prestasi bersama AA Pertanian.', 62),
(31, 4, 3, 3, 'Matarin 250ml', 42000, 'matarin250ml.jpeg', 'Selamat datang di AA Pertanian! <br><br>Kami hadir dengan penawaran super spesial untuk para petani hebat di Indonesia! Dapatkan alat tani terbaik dan pupuk super unggul di AA Pertanian dengan harga yang bikin kantong tetap aman. Kualitas tanaman kamu pasti lebih makmur, dan hasil panen melimpah! <br><br>Alat Tani Berkualitas: Dari yang canggih sampai yang klasik, lengkap di sini! <br>Pupuk Pilihan: Buat tanaman sehat dan subur, panen pasti berasa juara! <br>Harga Terbaik: Kualitas premium, harga terjangkau. Lebih hemat, lebih untung! <br><br>Jangan lewatkan kesempatan emas ini, kunjungi AA Pertanian sekarang! Tanam impian, panen prestasi bersama AA Pertanian.', 21),
(32, 4, 3, 3, 'Renzo 250ec', 104000, 'renzo250ec.jpeg', 'Selamat datang di AA Pertanian! <br><br>Kami hadir dengan penawaran super spesial untuk para petani hebat di Indonesia! Dapatkan alat tani terbaik dan pupuk super unggul di AA Pertanian dengan harga yang bikin kantong tetap aman. Kualitas tanaman kamu pasti lebih makmur, dan hasil panen melimpah! <br><br>Alat Tani Berkualitas: Dari yang canggih sampai yang klasik, lengkap di sini! <br>Pupuk Pilihan: Buat tanaman sehat dan subur, panen pasti berasa juara! <br>Harga Terbaik: Kualitas premium, harga terjangkau. Lebih hemat, lebih untung! <br><br>Jangan lewatkan kesempatan emas ini, kunjungi AA Pertanian sekarang! Tanam impian, panen prestasi bersama AA Pertanian.', 39),
(33, 4, 3, 3, 'Setama 50ec', 116000, 'setama50ec.jpeg', 'Selamat datang di AA Pertanian! <br><br>Kami hadir dengan penawaran super spesial untuk para petani hebat di Indonesia! Dapatkan alat tani terbaik dan pupuk super unggul di AA Pertanian dengan harga yang bikin kantong tetap aman. Kualitas tanaman kamu pasti lebih makmur, dan hasil panen melimpah! <br><br>Alat Tani Berkualitas: Dari yang canggih sampai yang klasik, lengkap di sini! <br>Pupuk Pilihan: Buat tanaman sehat dan subur, panen pasti berasa juara! <br>Harga Terbaik: Kualitas premium, harga terjangkau. Lebih hemat, lebih untung! <br><br>Jangan lewatkan kesempatan emas ini, kunjungi AA Pertanian sekarang! Tanam impian, panen prestasi bersama AA Pertanian.', 47),
(34, 4, 3, 3, 'Nazole 500', 85000, 'nazole500.jpeg', 'Selamat datang di AA Pertanian! <br><br>Kami hadir dengan penawaran super spesial untuk para petani hebat di Indonesia! Dapatkan alat tani terbaik dan pupuk super unggul di AA Pertanian dengan harga yang bikin kantong tetap aman. Kualitas tanaman kamu pasti lebih makmur, dan hasil panen melimpah! <br><br>Alat Tani Berkualitas: Dari yang canggih sampai yang klasik, lengkap di sini! <br>Pupuk Pilihan: Buat tanaman sehat dan subur, panen pasti berasa juara! <br>Harga Terbaik: Kualitas premium, harga terjangkau. Lebih hemat, lebih untung! <br><br>Jangan lewatkan kesempatan emas ini, kunjungi AA Pertanian sekarang! Tanam impian, panen prestasi bersama AA Pertanian.', 26),
(35, 4, 3, 3, 'Diazinon 100ml', 25000, 'diazinon100ml.jpeg', 'Selamat datang di AA Pertanian! <br><br>Kami hadir dengan penawaran super spesial untuk para petani hebat di Indonesia! Dapatkan alat tani terbaik dan pupuk super unggul di AA Pertanian dengan harga yang bikin kantong tetap aman. Kualitas tanaman kamu pasti lebih makmur, dan hasil panen melimpah! <br><br>Alat Tani Berkualitas: Dari yang canggih sampai yang klasik, lengkap di sini! <br>Pupuk Pilihan: Buat tanaman sehat dan subur, panen pasti berasa juara! <br>Harga Terbaik: Kualitas premium, harga terjangkau. Lebih hemat, lebih untung! <br><br>Jangan lewatkan kesempatan emas ini, kunjungi AA Pertanian sekarang! Tanam impian, panen prestasi bersama AA Pertanian.', 83),
(36, 4, 3, 3, 'Detacron', 50000, 'detacron.jpeg', 'Selamat datang di AA Pertanian! <br><br>Kami hadir dengan penawaran super spesial untuk para petani hebat di Indonesia! Dapatkan alat tani terbaik dan pupuk super unggul di AA Pertanian dengan harga yang bikin kantong tetap aman. Kualitas tanaman kamu pasti lebih makmur, dan hasil panen melimpah! <br><br>Alat Tani Berkualitas: Dari yang canggih sampai yang klasik, lengkap di sini! <br>Pupuk Pilihan: Buat tanaman sehat dan subur, panen pasti berasa juara! <br>Harga Terbaik: Kualitas premium, harga terjangkau. Lebih hemat, lebih untung! <br><br>Jangan lewatkan kesempatan emas ini, kunjungi AA Pertanian sekarang! Tanam impian, panen prestasi bersama AA Pertanian.', 49),
(37, 1, 3, 3, 'Mulsabel 50', 710000, 'mulsabell50.jpeg', 'Selamat datang di AA Pertanian! <br><br>Kami hadir dengan penawaran super spesial untuk para petani hebat di Indonesia! Dapatkan alat tani terbaik dan pupuk super unggul di AA Pertanian dengan harga yang bikin kantong tetap aman. Kualitas tanaman kamu pasti lebih makmur, dan hasil panen melimpah! <br><br>Alat Tani Berkualitas: Dari yang canggih sampai yang klasik, lengkap di sini! <br>Pupuk Pilihan: Buat tanaman sehat dan subur, panen pasti berasa juara! <br>Harga Terbaik: Kualitas premium, harga terjangkau. Lebih hemat, lebih untung! <br><br>Jangan lewatkan kesempatan emas ini, kunjungi AA Pertanian sekarang! Tanam impian, panen prestasi bersama AA Pertanian.', 29),
(38, 3, 3, 3, 'Saprodap 5kg', 82000, 'saprodap5kg.jpg', 'Selamat datang di AA Pertanian! <br><br>Kami hadir dengan penawaran super spesial untuk para petani hebat di Indonesia! Dapatkan alat tani terbaik dan pupuk super unggul di AA Pertanian dengan harga yang bikin kantong tetap aman. Kualitas tanaman kamu pasti lebih makmur, dan hasil panen melimpah! <br><br>Alat Tani Berkualitas: Dari yang canggih sampai yang klasik, lengkap di sini! <br>Pupuk Pilihan: Buat tanaman sehat dan subur, panen pasti berasa juara! <br>Harga Terbaik: Kualitas premium, harga terjangkau. Lebih hemat, lebih untung! <br><br>Jangan lewatkan kesempatan emas ini, kunjungi AA Pertanian sekarang! Tanam impian, panen prestasi bersama AA Pertanian.', 24),
(39, 4, 3, 3, 'Regent merah', 34000, 'regentmerah.jpg', 'Selamat datang di AA Pertanian! <br><br>Kami hadir dengan penawaran super spesial untuk para petani hebat di Indonesia! Dapatkan alat tani terbaik dan pupuk super unggul di AA Pertanian dengan harga yang bikin kantong tetap aman. Kualitas tanaman kamu pasti lebih makmur, dan hasil panen melimpah! <br><br>Alat Tani Berkualitas: Dari yang canggih sampai yang klasik, lengkap di sini! <br>Pupuk Pilihan: Buat tanaman sehat dan subur, panen pasti berasa juara! <br>Harga Terbaik: Kualitas premium, harga terjangkau. Lebih hemat, lebih untung! <br><br>Jangan lewatkan kesempatan emas ini, kunjungi AA Pertanian sekarang! Tanam impian, panen prestasi bersama AA Pertanian.', 30),
(40, 4, 3, 3, 'KNO3 Merah', 58000, 'kno3merah.jpg', 'Selamat datang di AA Pertanian! <br><br>Kami hadir dengan penawaran super spesial untuk para petani hebat di Indonesia! Dapatkan alat tani terbaik dan pupuk super unggul di AA Pertanian dengan harga yang bikin kantong tetap aman. Kualitas tanaman kamu pasti lebih makmur, dan hasil panen melimpah! <br><br>Alat Tani Berkualitas: Dari yang canggih sampai yang klasik, lengkap di sini! <br>Pupuk Pilihan: Buat tanaman sehat dan subur, panen pasti berasa juara! <br>Harga Terbaik: Kualitas premium, harga terjangkau. Lebih hemat, lebih untung! <br><br>Jangan lewatkan kesempatan emas ini, kunjungi AA Pertanian sekarang! Tanam impian, panen prestasi bersama AA Pertanian.', 39),
(41, 4, 3, 3, 'KNO3 Putih', 75000, 'kno3putih.jpg', 'Selamat datang di AA Pertanian! <br><br>Kami hadir dengan penawaran super spesial untuk para petani hebat di Indonesia! Dapatkan alat tani terbaik dan pupuk super unggul di AA Pertanian dengan harga yang bikin kantong tetap aman. Kualitas tanaman kamu pasti lebih makmur, dan hasil panen melimpah! <br><br>Alat Tani Berkualitas: Dari yang canggih sampai yang klasik, lengkap di sini! <br>Pupuk Pilihan: Buat tanaman sehat dan subur, panen pasti berasa juara! <br>Harga Terbaik: Kualitas premium, harga terjangkau. Lebih hemat, lebih untung! <br><br>Jangan lewatkan kesempatan emas ini, kunjungi AA Pertanian sekarang! Tanam impian, panen prestasi bersama AA Pertanian.', 53),
(42, 4, 3, 3, 'Gramoxone 500ml', 43000, 'gramoxone500ml.jpg', 'Selamat datang di AA Pertanian! <br><br>Kami hadir dengan penawaran super spesial untuk para petani hebat di Indonesia! Dapatkan alat tani terbaik dan pupuk super unggul di AA Pertanian dengan harga yang bikin kantong tetap aman. Kualitas tanaman kamu pasti lebih makmur, dan hasil panen melimpah! <br><br>Alat Tani Berkualitas: Dari yang canggih sampai yang klasik, lengkap di sini! <br>Pupuk Pilihan: Buat tanaman sehat dan subur, panen pasti berasa juara! <br>Harga Terbaik: Kualitas premium, harga terjangkau. Lebih hemat, lebih untung! <br><br>Jangan lewatkan kesempatan emas ini, kunjungi AA Pertanian sekarang! Tanam impian, panen prestasi bersama AA Pertanian.', 100),
(43, 1, 3, 3, 'Sepatu AP ', 120000, 'sepatuap.jpg', 'Selamat datang di AA Pertanian! <br><br>Kami hadir dengan penawaran super spesial untuk para petani hebat di Indonesia! Dapatkan alat tani terbaik dan pupuk super unggul di AA Pertanian dengan harga yang bikin kantong tetap aman. Kualitas tanaman kamu pasti lebih makmur, dan hasil panen melimpah! <br><br>Alat Tani Berkualitas: Dari yang canggih sampai yang klasik, lengkap di sini! <br>Pupuk Pilihan: Buat tanaman sehat dan subur, panen pasti berasa juara! <br>Harga Terbaik: Kualitas premium, harga terjangkau. Lebih hemat, lebih untung! <br><br>Jangan lewatkan kesempatan emas ini, kunjungi AA Pertanian sekarang! Tanam impian, panen prestasi bersama AA Pertanian.', 59),
(44, 4, 3, 3, 'Score 250ml', 168000, 'score250ml.jpg', 'Selamat datang di AA Pertanian! <br><br>Kami hadir dengan penawaran super spesial untuk para petani hebat di Indonesia! Dapatkan alat tani terbaik dan pupuk super unggul di AA Pertanian dengan harga yang bikin kantong tetap aman. Kualitas tanaman kamu pasti lebih makmur, dan hasil panen melimpah! <br><br>Alat Tani Berkualitas: Dari yang canggih sampai yang klasik, lengkap di sini! <br>Pupuk Pilihan: Buat tanaman sehat dan subur, panen pasti berasa juara! <br>Harga Terbaik: Kualitas premium, harga terjangkau. Lebih hemat, lebih untung! <br><br>Jangan lewatkan kesempatan emas ini, kunjungi AA Pertanian sekarang! Tanam impian, panen prestasi bersama AA Pertanian.', 51),
(45, 4, 3, 3, 'Sumo 100ml', 23000, 'sumo100ml.jpg', 'Selamat datang di AA Pertanian! <br><br>Kami hadir dengan penawaran super spesial untuk para petani hebat di Indonesia! Dapatkan alat tani terbaik dan pupuk super unggul di AA Pertanian dengan harga yang bikin kantong tetap aman. Kualitas tanaman kamu pasti lebih makmur, dan hasil panen melimpah! <br><br>Alat Tani Berkualitas: Dari yang canggih sampai yang klasik, lengkap di sini! <br>Pupuk Pilihan: Buat tanaman sehat dan subur, panen pasti berasa juara! <br>Harga Terbaik: Kualitas premium, harga terjangkau. Lebih hemat, lebih untung! <br><br>Jangan lewatkan kesempatan emas ini, kunjungi AA Pertanian sekarang! Tanam impian, panen prestasi bersama AA Pertanian.', 75),
(46, 4, 3, 3, 'Pentacure 100ml', 115000, 'pentacure100ml.jpg', 'Selamat datang di AA Pertanian! <br><br>Kami hadir dengan penawaran super spesial untuk para petani hebat di Indonesia! Dapatkan alat tani terbaik dan pupuk super unggul di AA Pertanian dengan harga yang bikin kantong tetap aman. Kualitas tanaman kamu pasti lebih makmur, dan hasil panen melimpah! <br><br>Alat Tani Berkualitas: Dari yang canggih sampai yang klasik, lengkap di sini! <br>Pupuk Pilihan: Buat tanaman sehat dan subur, panen pasti berasa juara! <br>Harga Terbaik: Kualitas premium, harga terjangkau. Lebih hemat, lebih untung! <br><br>Jangan lewatkan kesempatan emas ini, kunjungi AA Pertanian sekarang! Tanam impian, panen prestasi bersama AA Pertanian.', 86),
(47, 1, 3, 3, 'Jrigen Kocor 5l', 30000, 'jrigenkocor5l.jpg', 'Selamat datang di AA Pertanian! <br><br>Kami hadir dengan penawaran super spesial untuk para petani hebat di Indonesia! Dapatkan alat tani terbaik dan pupuk super unggul di AA Pertanian dengan harga yang bikin kantong tetap aman. Kualitas tanaman kamu pasti lebih makmur, dan hasil panen melimpah! <br><br>Alat Tani Berkualitas: Dari yang canggih sampai yang klasik, lengkap di sini! <br>Pupuk Pilihan: Buat tanaman sehat dan subur, panen pasti berasa juara! <br>Harga Terbaik: Kualitas premium, harga terjangkau. Lebih hemat, lebih untung! <br><br>Jangan lewatkan kesempatan emas ini, kunjungi AA Pertanian sekarang! Tanam impian, panen prestasi bersama AA Pertanian.', 87),
(48, 4, 2, 2, 'Antracol 1kg', 50000, 'antracol1kg.jpg', 'Kebutuhan pertanian lengToko Tani Barokah<br><br>Selamat datang di Barokah, menyediakan kebutuhan alat tani Anda! Tersedia berbagai macam kebutuhan pertanian anda mulai dari pupuk, bebih, perlengkapan pertanian, dll.<br>Toko buka hari Senin-Jumat mulai pukul 08.00 -17.00. Untuk detail bisa langsung hubungi kontak yang tersedia atau datang langsung ke toko.<br>Terimakasih.<br><br>Tani Barokah, Panenkan Berkahkap di Temanggung\'', 49),
(49, 4, 2, 2, 'Mahkota Calsium Plus Boron', 17000, 'mahkotacalsiumboron.jpg', 'Kebutuhan pertanian lengToko Tani Barokah<br><br>Selamat datang di Barokah, menyediakan kebutuhan alat tani Anda! Tersedia berbagai macam kebutuhan pertanian anda mulai dari pupuk, bebih, perlengkapan pertanian, dll.<br>Toko buka hari Senin-Jumat mulai pukul 08.00 -17.00. Untuk detail bisa langsung hubungi kontak yang tersedia atau datang langsung ke toko.<br>Terimakasih.<br><br>Tani Barokah, Panenkan Berkahkap di Temanggung\'', 48),
(50, 4, 2, 2, 'Gramoxone 250ml', 30000, 'gramoxone250ml.jpg', 'Kebutuhan pertanian lengToko Tani Barokah<br><br>Selamat datang di Barokah, menyediakan kebutuhan alat tani Anda! Tersedia berbagai macam kebutuhan pertanian anda mulai dari pupuk, bebih, perlengkapan pertanian, dll.<br>Toko buka hari Senin-Jumat mulai pukul 08.00 -17.00. Untuk detail bisa langsung hubungi kontak yang tersedia atau datang langsung ke toko.<br>Terimakasih.<br><br>Tani Barokah, Panenkan Berkahkap di Temanggung\'', 44),
(51, 4, 2, 2, 'Gramoxone T 250ml', 55000, 'gramoxonet.jpg', 'Kebutuhan pertanian lengToko Tani Barokah<br><br>Selamat datang di Barokah, menyediakan kebutuhan alat tani Anda! Tersedia berbagai macam kebutuhan pertanian anda mulai dari pupuk, bebih, perlengkapan pertanian, dll.<br>Toko buka hari Senin-Jumat mulai pukul 08.00 -17.00. Untuk detail bisa langsung hubungi kontak yang tersedia atau datang langsung ke toko.<br>Terimakasih.<br><br>Tani Barokah, Panenkan Berkahkap di Temanggung\'', 47),
(52, 4, 2, 2, 'Gramoxone L  250ml', 92000, 'gramoxonel.jpg', 'Kebutuhan pertanian lengToko Tani Barokah<br><br>Selamat datang di Barokah, menyediakan kebutuhan alat tani Anda! Tersedia berbagai macam kebutuhan pertanian anda mulai dari pupuk, bebih, perlengkapan pertanian, dll.<br>Toko buka hari Senin-Jumat mulai pukul 08.00 -17.00. Untuk detail bisa langsung hubungi kontak yang tersedia atau datang langsung ke toko.<br>Terimakasih.<br><br>Tani Barokah, Panenkan Berkahkap di Temanggung\'', 36),
(53, 4, 2, 2, 'Roundup Kecil', 26000, 'roundupkecil.jpg', 'Kebutuhan pertanian lengToko Tani Barokah<br><br>Selamat datang di Barokah, menyediakan kebutuhan alat tani Anda! Tersedia berbagai macam kebutuhan pertanian anda mulai dari pupuk, bebih, perlengkapan pertanian, dll.<br>Toko buka hari Senin-Jumat mulai pukul 08.00 -17.00. Untuk detail bisa langsung hubungi kontak yang tersedia atau datang langsung ke toko.<br>Terimakasih.<br><br>Tani Barokah, Panenkan Berkahkap di Temanggung\'', 50),
(54, 4, 2, 2, 'Roundup Hebicide', 98000, 'rounduphebicede.jpg', 'Kebutuhan pertanian lengToko Tani Barokah<br><br>Selamat datang di Barokah, menyediakan kebutuhan alat tani Anda! Tersedia berbagai macam kebutuhan pertanian anda mulai dari pupuk, bebih, perlengkapan pertanian, dll.<br>Toko buka hari Senin-Jumat mulai pukul 08.00 -17.00. Untuk detail bisa langsung hubungi kontak yang tersedia atau datang langsung ke toko.<br>Terimakasih.<br><br>Tani Barokah, Panenkan Berkahkap di Temanggung\'', 39),
(55, 4, 2, 2, 'Furadan 1kg', 22000, 'furadan1kg.jpg', 'Kebutuhan pertanian lengToko Tani Barokah<br><br>Selamat datang di Barokah, menyediakan kebutuhan alat tani Anda! Tersedia berbagai macam kebutuhan pertanian anda mulai dari pupuk, bebih, perlengkapan pertanian, dll.<br>Toko buka hari Senin-Jumat mulai pukul 08.00 -17.00. Untuk detail bisa langsung hubungi kontak yang tersedia atau datang langsung ke toko.<br>Terimakasih.<br><br>Tani Barokah, Panenkan Berkahkap di Temanggung\'', 30),
(56, 4, 2, 2, 'Furadan 2kg', 39000, 'furadan2kg.jpg', 'Kebutuhan pertanian lengToko Tani Barokah<br><br>Selamat datang di Barokah, menyediakan kebutuhan alat tani Anda! Tersedia berbagai macam kebutuhan pertanian anda mulai dari pupuk, bebih, perlengkapan pertanian, dll.<br>Toko buka hari Senin-Jumat mulai pukul 08.00 -17.00. Untuk detail bisa langsung hubungi kontak yang tersedia atau datang langsung ke toko.<br>Terimakasih.<br><br>Tani Barokah, Panenkan Berkahkap di Temanggung\'', 21),
(57, 3, 2, 2, 'Manohara', 20000, 'manohara.jpg', 'Kebutuhan pertanian lengToko Tani Barokah<br><br>Selamat datang di Barokah, menyediakan kebutuhan alat tani Anda! Tersedia berbagai macam kebutuhan pertanian anda mulai dari pupuk, bebih, perlengkapan pertanian, dll.<br>Toko buka hari Senin-Jumat mulai pukul 08.00 -17.00. Untuk detail bisa langsung hubungi kontak yang tersedia atau datang langsung ke toko.<br>Terimakasih.<br><br>Tani Barokah, Panenkan Berkahkap di Temanggung\'', 44),
(58, 1, 2, 2, 'Alat Semprot', 13000, 'alatsemprot.jpg', 'Kebutuhan pertanian lengToko Tani Barokah<br><br>Selamat datang di Barokah, menyediakan kebutuhan alat tani Anda! Tersedia berbagai macam kebutuhan pertanian anda mulai dari pupuk, bebih, perlengkapan pertanian, dll.<br>Toko buka hari Senin-Jumat mulai pukul 08.00 -17.00. Untuk detail bisa langsung hubungi kontak yang tersedia atau datang langsung ke toko.<br>Terimakasih.<br><br>Tani Barokah, Panenkan Berkahkap di Temanggung\'', 25),
(59, 1, 2, 2, 'Alat Semprot F-16', 650000, 'alarsemprotf16.jpeg', 'Kebutuhan pertanian lengToko Tani Barokah<br><br>Selamat datang di Barokah, menyediakan kebutuhan alat tani Anda! Tersedia berbagai macam kebutuhan pertanian anda mulai dari pupuk, bebih, perlengkapan pertanian, dll.<br>Toko buka hari Senin-Jumat mulai pukul 08.00 -17.00. Untuk detail bisa langsung hubungi kontak yang tersedia atau datang langsung ke toko.<br>Terimakasih.<br><br>Tani Barokah, Panenkan Berkahkap di Temanggung\'', 41),
(60, 2, 2, 2, 'Benih Timun Zatavy', 70000, 'benihtimunzatavy.jpeg', 'Kebutuhan pertanian lengToko Tani Barokah<br><br>Selamat datang di Barokah, menyediakan kebutuhan alat tani Anda! Tersedia berbagai macam kebutuhan pertanian anda mulai dari pupuk, bebih, perlengkapan pertanian, dll.<br>Toko buka hari Senin-Jumat mulai pukul 08.00 -17.00. Untuk detail bisa langsung hubungi kontak yang tersedia atau datang langsung ke toko.<br>Terimakasih.<br><br>Tani Barokah, Panenkan Berkahkap di Temanggung\'', 53),
(61, 2, 2, 2, 'Benih Timun Bintang Asia', 43000, 'benihbintangasia.jpeg', 'Kebutuhan pertanian lengToko Tani Barokah<br><br>Selamat datang di Barokah, menyediakan kebutuhan alat tani Anda! Tersedia berbagai macam kebutuhan pertanian anda mulai dari pupuk, bebih, perlengkapan pertanian, dll.<br>Toko buka hari Senin-Jumat mulai pukul 08.00 -17.00. Untuk detail bisa langsung hubungi kontak yang tersedia atau datang langsung ke toko.<br>Terimakasih.<br><br>Tani Barokah, Panenkan Berkahkap di Temanggung\'', 33),
(62, 2, 2, 2, 'Benih Timun Chia Tai', 55000, 'benihtimunzatavy.jpeg', 'Kebutuhan pertanian lengToko Tani Barokah<br><br>Selamat datang di Barokah, menyediakan kebutuhan alat tani Anda! Tersedia berbagai macam kebutuhan pertanian anda mulai dari pupuk, bebih, perlengkapan pertanian, dll.<br>Toko buka hari Senin-Jumat mulai pukul 08.00 -17.00. Untuk detail bisa langsung hubungi kontak yang tersedia atau datang langsung ke toko.<br>Terimakasih.<br><br>Tani Barokah, Panenkan Berkahkap di Temanggung\'', 49),
(63, 2, 2, 2, 'Benih Kubis Chia Tai', 65000, 'benihrimunchiatai.jpeg', 'Kebutuhan pertanian lengToko Tani Barokah<br><br>Selamat datang di Barokah, menyediakan kebutuhan alat tani Anda! Tersedia berbagai macam kebutuhan pertanian anda mulai dari pupuk, bebih, perlengkapan pertanian, dll.<br>Toko buka hari Senin-Jumat mulai pukul 08.00 -17.00. Untuk detail bisa langsung hubungi kontak yang tersedia atau datang langsung ke toko.<br>Terimakasih.<br><br>Tani Barokah, Panenkan Berkahkap di Temanggung\'', 37),
(64, 2, 2, 2, 'Benih Kol Roo So 45', 155000, 'benihkolroso45.jpeg', 'Kebutuhan pertanian lengToko Tani Barokah<br><br>Selamat datang di Barokah, menyediakan kebutuhan alat tani Anda! Tersedia berbagai macam kebutuhan pertanian anda mulai dari pupuk, bebih, perlengkapan pertanian, dll.<br>Toko buka hari Senin-Jumat mulai pukul 08.00 -17.00. Untuk detail bisa langsung hubungi kontak yang tersedia atau datang langsung ke toko.<br>Terimakasih.<br><br>Tani Barokah, Panenkan Berkahkap di Temanggung\'', 57),
(65, 2, 2, 2, 'Benih Kol Formula', 148000, 'benihkolformula.jpeg', 'Kebutuhan pertanian lengToko Tani Barokah<br><br>Selamat datang di Barokah, menyediakan kebutuhan alat tani Anda! Tersedia berbagai macam kebutuhan pertanian anda mulai dari pupuk, bebih, perlengkapan pertanian, dll.<br>Toko buka hari Senin-Jumat mulai pukul 08.00 -17.00. Untuk detail bisa langsung hubungi kontak yang tersedia atau datang langsung ke toko.<br>Terimakasih.<br><br>Tani Barokah, Panenkan Berkahkap di Temanggung\'', 31),
(66, 2, 2, 2, 'Benih Kol Tunas Agro', 100000, 'benihk.jpeg', 'Kebutuhan pertanian lengToko Tani Barokah<br><br>Selamat datang di Barokah, menyediakan kebutuhan alat tani Anda! Tersedia berbagai macam kebutuhan pertanian anda mulai dari pupuk, bebih, perlengkapan pertanian, dll.<br>Toko buka hari Senin-Jumat mulai pukul 08.00 -17.00. Untuk detail bisa langsung hubungi kontak yang tersedia atau datang langsung ke toko.<br>Terimakasih.<br><br>Tani Barokah, Panenkan Berkahkap di Temanggung\'', 38),
(67, 2, 2, 2, 'Benih Sawi Putih Hibrida', 65000, 'benihsawiputrihhibrida.jpeg', 'Kebutuhan pertanian lengToko Tani Barokah<br><br>Selamat datang di Barokah, menyediakan kebutuhan alat tani Anda! Tersedia berbagai macam kebutuhan pertanian anda mulai dari pupuk, bebih, perlengkapan pertanian, dll.<br>Toko buka hari Senin-Jumat mulai pukul 08.00 -17.00. Untuk detail bisa langsung hubungi kontak yang tersedia atau datang langsung ke toko.<br>Terimakasih.<br><br>Tani Barokah, Panenkan Berkahkap di Temanggung\'', 39),
(68, 2, 2, 2, 'Benih Sawi Takii Speed', 32000, 'benihsawitakispees.jpeg', 'Kebutuhan pertanian lengToko Tani Barokah<br><br>Selamat datang di Barokah, menyediakan kebutuhan alat tani Anda! Tersedia berbagai macam kebutuhan pertanian anda mulai dari pupuk, bebih, perlengkapan pertanian, dll.<br>Toko buka hari Senin-Jumat mulai pukul 08.00 -17.00. Untuk detail bisa langsung hubungi kontak yang tersedia atau datang langsung ke toko.<br>Terimakasih.<br><br>Tani Barokah, Panenkan Berkahkap di Temanggung\'', 27),
(69, 2, 2, 2, 'Benih Kacang Panjang', 15000, 'benihkacangpanjang.jpeg', 'Kebutuhan pertanian lengToko Tani Barokah<br><br>Selamat datang di Barokah, menyediakan kebutuhan alat tani Anda! Tersedia berbagai macam kebutuhan pertanian anda mulai dari pupuk, bebih, perlengkapan pertanian, dll.<br>Toko buka hari Senin-Jumat mulai pukul 08.00 -17.00. Untuk detail bisa langsung hubungi kontak yang tersedia atau datang langsung ke toko.<br>Terimakasih.<br><br>Tani Barokah, Panenkan Berkahkap di Temanggung\'', 33),
(70, 2, 2, 2, 'Benih Gambas Hibrida Super', 30000, 'benihgambashibridasuper.jpeg', 'Kebutuhan pertanian lengToko Tani Barokah<br><br>Selamat datang di Barokah, menyediakan kebutuhan alat tani Anda! Tersedia berbagai macam kebutuhan pertanian anda mulai dari pupuk, bebih, perlengkapan pertanian, dll.<br>Toko buka hari Senin-Jumat mulai pukul 08.00 -17.00. Untuk detail bisa langsung hubungi kontak yang tersedia atau datang langsung ke toko.<br>Terimakasih.<br><br>Tani Barokah, Panenkan Berkahkap di Temanggung\'', 48),
(71, 4, 2, 2, 'Ridomil Gold Fungisida', 42000, 'ridomilgoldfungisida.jpeg', 'Kebutuhan pertanian lengToko Tani Barokah<br><br>Selamat datang di Barokah, menyediakan kebutuhan alat tani Anda! Tersedia berbagai macam kebutuhan pertanian anda mulai dari pupuk, bebih, perlengkapan pertanian, dll.<br>Toko buka hari Senin-Jumat mulai pukul 08.00 -17.00. Untuk detail bisa langsung hubungi kontak yang tersedia atau datang langsung ke toko.<br>Terimakasih.<br><br>Tani Barokah, Panenkan Berkahkap di Temanggung\'', 21),
(72, 4, 2, 2, 'Confidor', 35000, 'confidor.jpeg', 'Kebutuhan pertanian lengToko Tani Barokah<br><br>Selamat datang di Barokah, menyediakan kebutuhan alat tani Anda! Tersedia berbagai macam kebutuhan pertanian anda mulai dari pupuk, bebih, perlengkapan pertanian, dll.<br>Toko buka hari Senin-Jumat mulai pukul 08.00 -17.00. Untuk detail bisa langsung hubungi kontak yang tersedia atau datang langsung ke toko.<br>Terimakasih.<br><br>Tani Barokah, Panenkan Berkahkap di Temanggung\'', 44),
(73, 4, 2, 2, 'Fungisida Bendas 250g', 465000, 'fungisidabengas250g.jpeg', 'Kebutuhan pertanian lengToko Tani Barokah<br><br>Selamat datang di Barokah, menyediakan kebutuhan alat tani Anda! Tersedia berbagai macam kebutuhan pertanian anda mulai dari pupuk, bebih, perlengkapan pertanian, dll.<br>Toko buka hari Senin-Jumat mulai pukul 08.00 -17.00. Untuk detail bisa langsung hubungi kontak yang tersedia atau datang langsung ke toko.<br>Terimakasih.<br><br>Tani Barokah, Panenkan Berkahkap di Temanggung\'', 48),
(74, 4, 2, 2, 'Fungisida Bendas 100g', 22000, 'fungisidabendas100g.jpeg', 'Kebutuhan pertanian lengToko Tani Barokah<br><br>Selamat datang di Barokah, menyediakan kebutuhan alat tani Anda! Tersedia berbagai macam kebutuhan pertanian anda mulai dari pupuk, bebih, perlengkapan pertanian, dll.<br>Toko buka hari Senin-Jumat mulai pukul 08.00 -17.00. Untuk detail bisa langsung hubungi kontak yang tersedia atau datang langsung ke toko.<br>Terimakasih.<br><br>Tani Barokah, Panenkan Berkahkap di Temanggung\'', 50),
(75, 1, 2, 2, 'Pompa Semprot', 10000, 'pompasemprot.jpeg', 'Kebutuhan pertanian lengToko Tani Barokah<br><br>Selamat datang di Barokah, menyediakan kebutuhan alat tani Anda! Tersedia berbagai macam kebutuhan pertanian anda mulai dari pupuk, bebih, perlengkapan pertanian, dll.<br>Toko buka hari Senin-Jumat mulai pukul 08.00 -17.00. Untuk detail bisa langsung hubungi kontak yang tersedia atau datang langsung ke toko.<br>Terimakasih.<br><br>Tani Barokah, Panenkan Berkahkap di Temanggung\'', 26),
(76, 3, 2, 2, 'Nitrea 5kg', 60000, 'nitrea5kg.jpeg', 'Kebutuhan pertanian lengToko Tani Barokah<br><br>Selamat datang di Barokah, menyediakan kebutuhan alat tani Anda! Tersedia berbagai macam kebutuhan pertanian anda mulai dari pupuk, bebih, perlengkapan pertanian, dll.<br>Toko buka hari Senin-Jumat mulai pukul 08.00 -17.00. Untuk detail bisa langsung hubungi kontak yang tersedia atau datang langsung ke toko.<br>Terimakasih.<br><br>Tani Barokah, Panenkan Berkahkap di Temanggung\'', 34),
(77, 1, 2, 2, 'Presure Sprayer 5l', 250000, 'presuresprayer.jpeg', 'Kebutuhan pertanian lengToko Tani Barokah<br><br>Selamat datang di Barokah, menyediakan kebutuhan alat tani Anda! Tersedia berbagai macam kebutuhan pertanian anda mulai dari pupuk, bebih, perlengkapan pertanian, dll.<br>Toko buka hari Senin-Jumat mulai pukul 08.00 -17.00. Untuk detail bisa langsung hubungi kontak yang tersedia atau datang langsung ke toko.<br>Terimakasih.<br><br>Tani Barokah, Panenkan Berkahkap di Temanggung\'', 44);
INSERT INTO `produk` (`id`, `kategori_id`, `toko_id`, `user_id`, `nama`, `harga`, `foto`, `detail`, `stok`) VALUES
(78, 3, 2, 2, 'Mesh Manohara 1kg', 25000, 'meshmanohara1kg.jpg', 'Kebutuhan pertanian lengToko Tani Barokah<br><br>Selamat datang di Barokah, menyediakan kebutuhan alat tani Anda! Tersedia berbagai macam kebutuhan pertanian anda mulai dari pupuk, bebih, perlengkapan pertanian, dll.<br>Toko buka hari Senin-Jumat mulai pukul 08.00 -17.00. Untuk detail bisa langsung hubungi kontak yang tersedia atau datang langsung ke toko.<br>Terimakasih.<br><br>Tani Barokah, Panenkan Berkahkap di Temanggung\'', 58),
(79, 3, 2, 2, 'Tricho-cino 500g', 50000, 'trichocino500g.jpg', 'Kebutuhan pertanian lengToko Tani Barokah<br><br>Selamat datang di Barokah, menyediakan kebutuhan alat tani Anda! Tersedia berbagai macam kebutuhan pertanian anda mulai dari pupuk, bebih, perlengkapan pertanian, dll.<br>Toko buka hari Senin-Jumat mulai pukul 08.00 -17.00. Untuk detail bisa langsung hubungi kontak yang tersedia atau datang langsung ke toko.<br>Terimakasih.<br><br>Tani Barokah, Panenkan Berkahkap di Temanggung\'', 25),
(80, 4, 2, 2, 'Fungisida Antila 1kg', 80000, 'fungisidaantila5kg.jpg', 'Kebutuhan pertanian lengToko Tani Barokah<br><br>Selamat datang di Barokah, menyediakan kebutuhan alat tani Anda! Tersedia berbagai macam kebutuhan pertanian anda mulai dari pupuk, bebih, perlengkapan pertanian, dll.<br>Toko buka hari Senin-Jumat mulai pukul 08.00 -17.00. Untuk detail bisa langsung hubungi kontak yang tersedia atau datang langsung ke toko.<br>Terimakasih.<br><br>Tani Barokah, Panenkan Berkahkap di Temanggung\'', 30),
(81, 4, 2, 2, 'Fungisida Antila 500g', 44000, 'fungisidaantila500g.jpg', 'Kebutuhan pertanian lengToko Tani Barokah<br><br>Selamat datang di Barokah, menyediakan kebutuhan alat tani Anda! Tersedia berbagai macam kebutuhan pertanian anda mulai dari pupuk, bebih, perlengkapan pertanian, dll.<br>Toko buka hari Senin-Jumat mulai pukul 08.00 -17.00. Untuk detail bisa langsung hubungi kontak yang tersedia atau datang langsung ke toko.<br>Terimakasih.<br><br>Tani Barokah, Panenkan Berkahkap di Temanggung\'', 31),
(82, 4, 2, 2, 'Megazeb Biru', 97000, 'megazebbiru.jpg', 'Kebutuhan pertanian lengToko Tani Barokah<br><br>Selamat datang di Barokah, menyediakan kebutuhan alat tani Anda! Tersedia berbagai macam kebutuhan pertanian anda mulai dari pupuk, bebih, perlengkapan pertanian, dll.<br>Toko buka hari Senin-Jumat mulai pukul 08.00 -17.00. Untuk detail bisa langsung hubungi kontak yang tersedia atau datang langsung ke toko.<br>Terimakasih.<br><br>Tani Barokah, Panenkan Berkahkap di Temanggung\'', 40),
(83, 4, 2, 2, 'Antracol 500g', 80000, 'antracol500g.jpg', 'Kebutuhan pertanian lengToko Tani Barokah<br><br>Selamat datang di Barokah, menyediakan kebutuhan alat tani Anda! Tersedia berbagai macam kebutuhan pertanian anda mulai dari pupuk, bebih, perlengkapan pertanian, dll.<br>Toko buka hari Senin-Jumat mulai pukul 08.00 -17.00. Untuk detail bisa langsung hubungi kontak yang tersedia atau datang langsung ke toko.<br>Terimakasih.<br><br>Tani Barokah, Panenkan Berkahkap di Temanggung\'', 52),
(84, 4, 2, 2, 'Kalinet 1l', 60000, 'kalinet1l.jpg', 'Kebutuhan pertanian lengToko Tani Barokah<br><br>Selamat datang di Barokah, menyediakan kebutuhan alat tani Anda! Tersedia berbagai macam kebutuhan pertanian anda mulai dari pupuk, bebih, perlengkapan pertanian, dll.<br>Toko buka hari Senin-Jumat mulai pukul 08.00 -17.00. Untuk detail bisa langsung hubungi kontak yang tersedia atau datang langsung ke toko.<br>Terimakasih.<br><br>Tani Barokah, Panenkan Berkahkap di Temanggung\'', 38),
(85, 2, 2, 2, 'Benih Jagung Hibrida', 125000, 'benihjagunghibrida.jpg', 'Kebutuhan pertanian lengToko Tani Barokah<br><br>Selamat datang di Barokah, menyediakan kebutuhan alat tani Anda! Tersedia berbagai macam kebutuhan pertanian anda mulai dari pupuk, bebih, perlengkapan pertanian, dll.<br>Toko buka hari Senin-Jumat mulai pukul 08.00 -17.00. Untuk detail bisa langsung hubungi kontak yang tersedia atau datang langsung ke toko.<br>Terimakasih.<br><br>Tani Barokah, Panenkan Berkahkap di Temanggung\'', 26),
(86, 4, 2, 2, 'Fungisida Victory', 82000, 'fungisidavictory.jpg', 'Kebutuhan pertanian lengToko Tani Barokah<br><br>Selamat datang di Barokah, menyediakan kebutuhan alat tani Anda! Tersedia berbagai macam kebutuhan pertanian anda mulai dari pupuk, bebih, perlengkapan pertanian, dll.<br>Toko buka hari Senin-Jumat mulai pukul 08.00 -17.00. Untuk detail bisa langsung hubungi kontak yang tersedia atau datang langsung ke toko.<br>Terimakasih.<br><br>Tani Barokah, Panenkan Berkahkap di Temanggung\'', 37),
(87, 4, 2, 2, 'Manzate Fungisida', 88000, 'manzatefungisida.jpg', 'Kebutuhan pertanian lengToko Tani Barokah<br><br>Selamat datang di Barokah, menyediakan kebutuhan alat tani Anda! Tersedia berbagai macam kebutuhan pertanian anda mulai dari pupuk, bebih, perlengkapan pertanian, dll.<br>Toko buka hari Senin-Jumat mulai pukul 08.00 -17.00. Untuk detail bisa langsung hubungi kontak yang tersedia atau datang langsung ke toko.<br>Terimakasih.<br><br>Tani Barokah, Panenkan Berkahkap di Temanggung\'', 54),
(88, 3, 2, 2, 'Tawon Superstar', 165000, 'tawonsuperstar.jpg', 'Kebutuhan pertanian lengToko Tani Barokah<br><br>Selamat datang di Barokah, menyediakan kebutuhan alat tani Anda! Tersedia berbagai macam kebutuhan pertanian anda mulai dari pupuk, bebih, perlengkapan pertanian, dll.<br>Toko buka hari Senin-Jumat mulai pukul 08.00 -17.00. Untuk detail bisa langsung hubungi kontak yang tersedia atau datang langsung ke toko.<br>Terimakasih.<br><br>Tani Barokah, Panenkan Berkahkap di Temanggung\'', 24),
(89, 3, 2, 2, 'PN Kristal', 37000, 'IMG_20231002_161155.jpg', 'Kebutuhan pertanian lengToko Tani Barokah<br><br>Selamat datang di Barokah, menyediakan kebutuhan alat tani Anda! Tersedia berbagai macam kebutuhan pertanian anda mulai dari pupuk, bebih, perlengkapan pertanian, dll.<br>Toko buka hari Senin-Jumat mulai pukul 08.00 -17.00. Untuk detail bisa langsung hubungi kontak yang tersedia atau datang langsung ke toko.<br>Terimakasih.<br><br>Tani Barokah, Panenkan Berkahkap di Temanggung\'', 52),
(90, 4, 2, 2, 'KNO3 Paktani', 65000, 'kno3paktani.jpg', 'Kebutuhan pertanian lengToko Tani Barokah<br><br>Selamat datang di Barokah, menyediakan kebutuhan alat tani Anda! Tersedia berbagai macam kebutuhan pertanian anda mulai dari pupuk, bebih, perlengkapan pertanian, dll.<br>Toko buka hari Senin-Jumat mulai pukul 08.00 -17.00. Untuk detail bisa langsung hubungi kontak yang tersedia atau datang langsung ke toko.<br>Terimakasih.<br><br>Tani Barokah, Panenkan Berkahkap di Temanggung\'', 58),
(91, 3, 2, 2, 'Mutiara', 19000, 'mutiara.jpg', 'Kebutuhan pertanian lengToko Tani Barokah<br><br>Selamat datang di Barokah, menyediakan kebutuhan alat tani Anda! Tersedia berbagai macam kebutuhan pertanian anda mulai dari pupuk, bebih, perlengkapan pertanian, dll.<br>Toko buka hari Senin-Jumat mulai pukul 08.00 -17.00. Untuk detail bisa langsung hubungi kontak yang tersedia atau datang langsung ke toko.<br>Terimakasih.<br><br>Tani Barokah, Panenkan Berkahkap di Temanggung\'', 48),
(92, 4, 2, 2, 'Cabriotop fungisida', 135000, 'cabriotop.jpg', 'Kebutuhan pertanian lengToko Tani Barokah<br><br>Selamat datang di Barokah, menyediakan kebutuhan alat tani Anda! Tersedia berbagai macam kebutuhan pertanian anda mulai dari pupuk, bebih, perlengkapan pertanian, dll.<br>Toko buka hari Senin-Jumat mulai pukul 08.00 -17.00. Untuk detail bisa langsung hubungi kontak yang tersedia atau datang langsung ke toko.<br>Terimakasih.<br><br>Tani Barokah, Panenkan Berkahkap di Temanggung\'', 42),
(93, 3, 4, 4, 'Pupuk Abg Daun', 60000, 'IMG_2371.jpg', 'Selamat Datang di Berkah Tani - Agen Resmi Pupuk ABG<br><br>Satu-satunya agen pupuk ABG di Kabupaten Temanggung. Pupuk ABG merupakan produksi dari Universitas Padjajaran.<br>Kami menyediakan pupuk dengan merk ABG yang telah terbukti efektif dalam meningkatkan kesuburan tanah dan hasil panen.<br>Produk-produk kami didasarkan pada inovasi dan penelitian terkini yang dilakukan oleh Universitas Padjajaran, sehingga Anda dapat mengandalkan keunggulan kualitasnya.<br><br>Toko buka di hari kerja dari jam 08.00 sampai 16.00.', 20),
(94, 3, 4, 4, 'Pupuk Abg Buah dan Bunga', 60000, 'IMG_2370.jpg', 'Selamat Datang di Berkah Tani - Agen Resmi Pupuk ABG<br><br>Satu-satunya agen pupuk ABG di Kabupaten Temanggung. Pupuk ABG merupakan produksi dari Universitas Padjajaran.<br>Kami menyediakan pupuk dengan merk ABG yang telah terbukti efektif dalam meningkatkan kesuburan tanah dan hasil panen.<br>Produk-produk kami didasarkan pada inovasi dan penelitian terkini yang dilakukan oleh Universitas Padjajaran, sehingga Anda dapat mengandalkan keunggulan kualitasnya.<br><br>Toko buka di hari kerja dari jam 08.00 sampai 16.00.', 25),
(95, 1, 6, 6, 'Clurit', 75000, '20231002_164944.jpeg', 'Sedia alat pertanian mulai dari cangkul, clurit, bendo, dll. Hubungi kontak atau datang langsung ke alamat di Wirodono, Karangtejo, Kedu, Temanggung atau hubungi kontak tertera <br>Clurit murah', 10),
(96, 1, 6, 6, 'Cangkul', 60000, '20231002_165044.jpeg', 'Sedia alat pertanian mulai dari cangkul, clurit, bendo, dll. Hubungi kontak atau datang langsung ke alamat di Wirodono, Karangtejo, Kedu, Temanggung atau hubungi kontak tertera <br>Cangkul tanpa gagang', 7),
(97, 3, 5, 5, 'Yara Winner 50kg', 800000, 'yarawinner50kg.jpg', 'Selamat Datang di Maju Tani - Solusi Lengkap untuk Pertanian Modern<br><br>Maju Tani hadir sebagai mitra terbaik petani yang mengutamakan teknologi dan inovasi dalam setiap langkah pertanian. Temukan keunggulan kami:<br><br>- Alat Tani Terkini:  Dari teknologi canggih hingga alat klasik yang terbukti, Maju Tani menyediakan koleksi alat tani lengkap untuk mendukung produktivitas dan efisiensi pertanian Anda. <br>-Pupuk Premium:** Pilih dari rangkaian pupuk premium kami, dirancang untuk meningkatkan kualitas tanah dan hasil panen. Berkolaborasi dengan merek-merek terkemuka untuk pertumbuhan tanaman yang optimal. <br>-Teknologi Pertanian:** Gaya pertanian modern dengan teknologi terbaru. Dari irigasi otomatis hingga sensor tanah cerdas, Maju Tani menghadirkan solusi untuk membawa pertanian Anda ke level berikutnya. <br>-Harga Kompetitif:** Kami percaya pertanian maju haruslah terjangkau. Dapatkan produk berkualitas tinggi dengan harga yang bersahabat di Maju Tani. <br>- Kunjungi Toko Kami:** Segera kunjungi Maju Tani di [Alamat]. Temukan bagaimana kami dapat membantu pertanian Anda berkembang melalui produk dan layanan unggulan kami.<br><br>Maju Tani - Menuju Pertanian yang Lebih Modern, Efisien, dan Sukses!', 5),
(98, 3, 5, 5, 'Yara Unik 50kg', 837000, 'yaraunik50kg.jpg', 'Selamat Datang di Maju Tani - Solusi Lengkap untuk Pertanian Modern<br><br>Maju Tani hadir sebagai mitra terbaik petani yang mengutamakan teknologi dan inovasi dalam setiap langkah pertanian. Temukan keunggulan kami:<br><br>- Alat Tani Terkini:  Dari teknologi canggih hingga alat klasik yang terbukti, Maju Tani menyediakan koleksi alat tani lengkap untuk mendukung produktivitas dan efisiensi pertanian Anda. <br>-Pupuk Premium:** Pilih dari rangkaian pupuk premium kami, dirancang untuk meningkatkan kualitas tanah dan hasil panen. Berkolaborasi dengan merek-merek terkemuka untuk pertumbuhan tanaman yang optimal. <br>-Teknologi Pertanian:** Gaya pertanian modern dengan teknologi terbaru. Dari irigasi otomatis hingga sensor tanah cerdas, Maju Tani menghadirkan solusi untuk membawa pertanian Anda ke level berikutnya. <br>-Harga Kompetitif:** Kami percaya pertanian maju haruslah terjangkau. Dapatkan produk berkualitas tinggi dengan harga yang bersahabat di Maju Tani. <br>- Kunjungi Toko Kami:** Segera kunjungi Maju Tani di [Alamat]. Temukan bagaimana kami dapat membantu pertanian Anda berkembang melalui produk dan layanan unggulan kami.<br><br>Maju Tani - Menuju Pertanian yang Lebih Modern, Efisien, dan Sukses!', 6),
(99, 3, 5, 5, 'Pupuk DGW 50kg', 912000, 'pupukdgw50kg.jpg', 'Selamat Datang di Maju Tani - Solusi Lengkap untuk Pertanian Modern<br><br>Maju Tani hadir sebagai mitra terbaik petani yang mengutamakan teknologi dan inovasi dalam setiap langkah pertanian. Temukan keunggulan kami:<br><br>- Alat Tani Terkini:  Dari teknologi canggih hingga alat klasik yang terbukti, Maju Tani menyediakan koleksi alat tani lengkap untuk mendukung produktivitas dan efisiensi pertanian Anda. <br>-Pupuk Premium:** Pilih dari rangkaian pupuk premium kami, dirancang untuk meningkatkan kualitas tanah dan hasil panen. Berkolaborasi dengan merek-merek terkemuka untuk pertumbuhan tanaman yang optimal. <br>-Teknologi Pertanian:** Gaya pertanian modern dengan teknologi terbaru. Dari irigasi otomatis hingga sensor tanah cerdas, Maju Tani menghadirkan solusi untuk membawa pertanian Anda ke level berikutnya. <br>-Harga Kompetitif:** Kami percaya pertanian maju haruslah terjangkau. Dapatkan produk berkualitas tinggi dengan harga yang bersahabat di Maju Tani. <br>- Kunjungi Toko Kami:** Segera kunjungi Maju Tani di [Alamat]. Temukan bagaimana kami dapat membantu pertanian Anda berkembang melalui produk dan layanan unggulan kami.<br><br>Maju Tani - Menuju Pertanian yang Lebih Modern, Efisien, dan Sukses!', 17),
(100, 3, 5, 5, 'Phonska 25kg', 500000, 'phonska25kh.jpg', 'Selamat Datang di Maju Tani - Solusi Lengkap untuk Pertanian Modern<br><br>Maju Tani hadir sebagai mitra terbaik petani yang mengutamakan teknologi dan inovasi dalam setiap langkah pertanian. Temukan keunggulan kami:<br><br>- Alat Tani Terkini:  Dari teknologi canggih hingga alat klasik yang terbukti, Maju Tani menyediakan koleksi alat tani lengkap untuk mendukung produktivitas dan efisiensi pertanian Anda. <br>-Pupuk Premium:** Pilih dari rangkaian pupuk premium kami, dirancang untuk meningkatkan kualitas tanah dan hasil panen. Berkolaborasi dengan merek-merek terkemuka untuk pertumbuhan tanaman yang optimal. <br>-Teknologi Pertanian:** Gaya pertanian modern dengan teknologi terbaru. Dari irigasi otomatis hingga sensor tanah cerdas, Maju Tani menghadirkan solusi untuk membawa pertanian Anda ke level berikutnya. <br>-Harga Kompetitif:** Kami percaya pertanian maju haruslah terjangkau. Dapatkan produk berkualitas tinggi dengan harga yang bersahabat di Maju Tani. <br>- Kunjungi Toko Kami:** Segera kunjungi Maju Tani di [Alamat]. Temukan bagaimana kami dapat membantu pertanian Anda berkembang melalui produk dan layanan unggulan kami.<br><br>Maju Tani - Menuju Pertanian yang Lebih Modern, Efisien, dan Sukses!', 15),
(101, 4, 5, 5, 'Bigest 40ec', 24000, 'bigest40ec.jpg', 'Selamat Datang di Maju Tani - Solusi Lengkap untuk Pertanian Modern<br><br>Maju Tani hadir sebagai mitra terbaik petani yang mengutamakan teknologi dan inovasi dalam setiap langkah pertanian. Temukan keunggulan kami:<br><br>- Alat Tani Terkini:  Dari teknologi canggih hingga alat klasik yang terbukti, Maju Tani menyediakan koleksi alat tani lengkap untuk mendukung produktivitas dan efisiensi pertanian Anda. <br>-Pupuk Premium:** Pilih dari rangkaian pupuk premium kami, dirancang untuk meningkatkan kualitas tanah dan hasil panen. Berkolaborasi dengan merek-merek terkemuka untuk pertumbuhan tanaman yang optimal. <br>-Teknologi Pertanian:** Gaya pertanian modern dengan teknologi terbaru. Dari irigasi otomatis hingga sensor tanah cerdas, Maju Tani menghadirkan solusi untuk membawa pertanian Anda ke level berikutnya. <br>-Harga Kompetitif:** Kami percaya pertanian maju haruslah terjangkau. Dapatkan produk berkualitas tinggi dengan harga yang bersahabat di Maju Tani. <br>- Kunjungi Toko Kami:** Segera kunjungi Maju Tani di [Alamat]. Temukan bagaimana kami dapat membantu pertanian Anda berkembang melalui produk dan layanan unggulan kami.<br><br>Maju Tani - Menuju Pertanian yang Lebih Modern, Efisien, dan Sukses!', 15),
(102, 4, 5, 5, 'Gibraco', 60000, 'gibraco.jpeg', 'Selamat Datang di Maju Tani - Solusi Lengkap untuk Pertanian Modern<br><br>Maju Tani hadir sebagai mitra terbaik petani yang mengutamakan teknologi dan inovasi dalam setiap langkah pertanian. Temukan keunggulan kami:<br><br>- Alat Tani Terkini:  Dari teknologi canggih hingga alat klasik yang terbukti, Maju Tani menyediakan koleksi alat tani lengkap untuk mendukung produktivitas dan efisiensi pertanian Anda. <br>-Pupuk Premium:** Pilih dari rangkaian pupuk premium kami, dirancang untuk meningkatkan kualitas tanah dan hasil panen. Berkolaborasi dengan merek-merek terkemuka untuk pertumbuhan tanaman yang optimal. <br>-Teknologi Pertanian:** Gaya pertanian modern dengan teknologi terbaru. Dari irigasi otomatis hingga sensor tanah cerdas, Maju Tani menghadirkan solusi untuk membawa pertanian Anda ke level berikutnya. <br>-Harga Kompetitif:** Kami percaya pertanian maju haruslah terjangkau. Dapatkan produk berkualitas tinggi dengan harga yang bersahabat di Maju Tani. <br>- Kunjungi Toko Kami:** Segera kunjungi Maju Tani di [Alamat]. Temukan bagaimana kami dapat membantu pertanian Anda berkembang melalui produk dan layanan unggulan kami.<br><br>Maju Tani - Menuju Pertanian yang Lebih Modern, Efisien, dan Sukses!', 16),
(103, 4, 5, 5, 'Metindo sp', 28000, 'metindosp.jpeg', 'Selamat Datang di Maju Tani - Solusi Lengkap untuk Pertanian Modern<br><br>Maju Tani hadir sebagai mitra terbaik petani yang mengutamakan teknologi dan inovasi dalam setiap langkah pertanian. Temukan keunggulan kami:<br><br>- Alat Tani Terkini:  Dari teknologi canggih hingga alat klasik yang terbukti, Maju Tani menyediakan koleksi alat tani lengkap untuk mendukung produktivitas dan efisiensi pertanian Anda. <br>-Pupuk Premium:** Pilih dari rangkaian pupuk premium kami, dirancang untuk meningkatkan kualitas tanah dan hasil panen. Berkolaborasi dengan merek-merek terkemuka untuk pertumbuhan tanaman yang optimal. <br>-Teknologi Pertanian:** Gaya pertanian modern dengan teknologi terbaru. Dari irigasi otomatis hingga sensor tanah cerdas, Maju Tani menghadirkan solusi untuk membawa pertanian Anda ke level berikutnya. <br>-Harga Kompetitif:** Kami percaya pertanian maju haruslah terjangkau. Dapatkan produk berkualitas tinggi dengan harga yang bersahabat di Maju Tani. <br>- Kunjungi Toko Kami:** Segera kunjungi Maju Tani di [Alamat]. Temukan bagaimana kami dapat membantu pertanian Anda berkembang melalui produk dan layanan unggulan kami.<br><br>Maju Tani - Menuju Pertanian yang Lebih Modern, Efisien, dan Sukses!', 19),
(104, 4, 5, 5, 'Dupont Lannate 25 wp', 33000, 'duponequationpro52wg.jpeg', 'Selamat Datang di Maju Tani - Solusi Lengkap untuk Pertanian Modern<br><br>Maju Tani hadir sebagai mitra terbaik petani yang mengutamakan teknologi dan inovasi dalam setiap langkah pertanian. Temukan keunggulan kami:<br><br>- Alat Tani Terkini:  Dari teknologi canggih hingga alat klasik yang terbukti, Maju Tani menyediakan koleksi alat tani lengkap untuk mendukung produktivitas dan efisiensi pertanian Anda. <br>-Pupuk Premium:** Pilih dari rangkaian pupuk premium kami, dirancang untuk meningkatkan kualitas tanah dan hasil panen. Berkolaborasi dengan merek-merek terkemuka untuk pertumbuhan tanaman yang optimal. <br>-Teknologi Pertanian:** Gaya pertanian modern dengan teknologi terbaru. Dari irigasi otomatis hingga sensor tanah cerdas, Maju Tani menghadirkan solusi untuk membawa pertanian Anda ke level berikutnya. <br>-Harga Kompetitif:** Kami percaya pertanian maju haruslah terjangkau. Dapatkan produk berkualitas tinggi dengan harga yang bersahabat di Maju Tani. <br>- Kunjungi Toko Kami:** Segera kunjungi Maju Tani di [Alamat]. Temukan bagaimana kami dapat membantu pertanian Anda berkembang melalui produk dan layanan unggulan kami.<br><br>Maju Tani - Menuju Pertanian yang Lebih Modern, Efisien, dan Sukses!', 18),
(105, 4, 5, 5, 'Indomorf 50 wp', 30000, 'indomorf50wp.jpeg', 'Selamat Datang di Maju Tani - Solusi Lengkap untuk Pertanian Modern<br><br>Maju Tani hadir sebagai mitra terbaik petani yang mengutamakan teknologi dan inovasi dalam setiap langkah pertanian. Temukan keunggulan kami:<br><br>- Alat Tani Terkini:  Dari teknologi canggih hingga alat klasik yang terbukti, Maju Tani menyediakan koleksi alat tani lengkap untuk mendukung produktivitas dan efisiensi pertanian Anda. <br>-Pupuk Premium:** Pilih dari rangkaian pupuk premium kami, dirancang untuk meningkatkan kualitas tanah dan hasil panen. Berkolaborasi dengan merek-merek terkemuka untuk pertumbuhan tanaman yang optimal. <br>-Teknologi Pertanian:** Gaya pertanian modern dengan teknologi terbaru. Dari irigasi otomatis hingga sensor tanah cerdas, Maju Tani menghadirkan solusi untuk membawa pertanian Anda ke level berikutnya. <br>-Harga Kompetitif:** Kami percaya pertanian maju haruslah terjangkau. Dapatkan produk berkualitas tinggi dengan harga yang bersahabat di Maju Tani. <br>- Kunjungi Toko Kami:** Segera kunjungi Maju Tani di [Alamat]. Temukan bagaimana kami dapat membantu pertanian Anda berkembang melalui produk dan layanan unggulan kami.<br><br>Maju Tani - Menuju Pertanian yang Lebih Modern, Efisien, dan Sukses!', 15),
(106, 4, 5, 5, 'Copcide 77wp', 37000, 'copcide77wp.jpeg', 'Selamat Datang di Maju Tani - Solusi Lengkap untuk Pertanian Modern<br><br>Maju Tani hadir sebagai mitra terbaik petani yang mengutamakan teknologi dan inovasi dalam setiap langkah pertanian. Temukan keunggulan kami:<br><br>- Alat Tani Terkini:  Dari teknologi canggih hingga alat klasik yang terbukti, Maju Tani menyediakan koleksi alat tani lengkap untuk mendukung produktivitas dan efisiensi pertanian Anda. <br>-Pupuk Premium:** Pilih dari rangkaian pupuk premium kami, dirancang untuk meningkatkan kualitas tanah dan hasil panen. Berkolaborasi dengan merek-merek terkemuka untuk pertumbuhan tanaman yang optimal. <br>-Teknologi Pertanian:** Gaya pertanian modern dengan teknologi terbaru. Dari irigasi otomatis hingga sensor tanah cerdas, Maju Tani menghadirkan solusi untuk membawa pertanian Anda ke level berikutnya. <br>-Harga Kompetitif:** Kami percaya pertanian maju haruslah terjangkau. Dapatkan produk berkualitas tinggi dengan harga yang bersahabat di Maju Tani. <br>- Kunjungi Toko Kami:** Segera kunjungi Maju Tani di [Alamat]. Temukan bagaimana kami dapat membantu pertanian Anda berkembang melalui produk dan layanan unggulan kami.<br><br>Maju Tani - Menuju Pertanian yang Lebih Modern, Efisien, dan Sukses!', 16),
(107, 4, 5, 5, 'Sevin', 38000, 'sevin.jpeg', 'Selamat Datang di Maju Tani - Solusi Lengkap untuk Pertanian Modern<br><br>Maju Tani hadir sebagai mitra terbaik petani yang mengutamakan teknologi dan inovasi dalam setiap langkah pertanian. Temukan keunggulan kami:<br><br>- Alat Tani Terkini:  Dari teknologi canggih hingga alat klasik yang terbukti, Maju Tani menyediakan koleksi alat tani lengkap untuk mendukung produktivitas dan efisiensi pertanian Anda. <br>-Pupuk Premium:** Pilih dari rangkaian pupuk premium kami, dirancang untuk meningkatkan kualitas tanah dan hasil panen. Berkolaborasi dengan merek-merek terkemuka untuk pertumbuhan tanaman yang optimal. <br>-Teknologi Pertanian:** Gaya pertanian modern dengan teknologi terbaru. Dari irigasi otomatis hingga sensor tanah cerdas, Maju Tani menghadirkan solusi untuk membawa pertanian Anda ke level berikutnya. <br>-Harga Kompetitif:** Kami percaya pertanian maju haruslah terjangkau. Dapatkan produk berkualitas tinggi dengan harga yang bersahabat di Maju Tani. <br>- Kunjungi Toko Kami:** Segera kunjungi Maju Tani di [Alamat]. Temukan bagaimana kami dapat membantu pertanian Anda berkembang melalui produk dan layanan unggulan kami.<br><br>Maju Tani - Menuju Pertanian yang Lebih Modern, Efisien, dan Sukses!', 19),
(108, 4, 5, 5, 'Detacide 60sg', 80000, 'detacide60sg.jpeg', 'Selamat Datang di Maju Tani - Solusi Lengkap untuk Pertanian Modern<br><br>Maju Tani hadir sebagai mitra terbaik petani yang mengutamakan teknologi dan inovasi dalam setiap langkah pertanian. Temukan keunggulan kami:<br><br>- Alat Tani Terkini:  Dari teknologi canggih hingga alat klasik yang terbukti, Maju Tani menyediakan koleksi alat tani lengkap untuk mendukung produktivitas dan efisiensi pertanian Anda. <br>-Pupuk Premium:** Pilih dari rangkaian pupuk premium kami, dirancang untuk meningkatkan kualitas tanah dan hasil panen. Berkolaborasi dengan merek-merek terkemuka untuk pertumbuhan tanaman yang optimal. <br>-Teknologi Pertanian:** Gaya pertanian modern dengan teknologi terbaru. Dari irigasi otomatis hingga sensor tanah cerdas, Maju Tani menghadirkan solusi untuk membawa pertanian Anda ke level berikutnya. <br>-Harga Kompetitif:** Kami percaya pertanian maju haruslah terjangkau. Dapatkan produk berkualitas tinggi dengan harga yang bersahabat di Maju Tani. <br>- Kunjungi Toko Kami:** Segera kunjungi Maju Tani di [Alamat]. Temukan bagaimana kami dapat membantu pertanian Anda berkembang melalui produk dan layanan unggulan kami.<br><br>Maju Tani - Menuju Pertanian yang Lebih Modern, Efisien, dan Sukses!', 18),
(109, 4, 5, 5, 'Dupont Equation Pro 52 wg', 35000, 'duponequationpro52wg.jpeg', 'Selamat Datang di Maju Tani - Solusi Lengkap untuk Pertanian Modern<br><br>Maju Tani hadir sebagai mitra terbaik petani yang mengutamakan teknologi dan inovasi dalam setiap langkah pertanian. Temukan keunggulan kami:<br><br>- Alat Tani Terkini:  Dari teknologi canggih hingga alat klasik yang terbukti, Maju Tani menyediakan koleksi alat tani lengkap untuk mendukung produktivitas dan efisiensi pertanian Anda. <br>-Pupuk Premium:** Pilih dari rangkaian pupuk premium kami, dirancang untuk meningkatkan kualitas tanah dan hasil panen. Berkolaborasi dengan merek-merek terkemuka untuk pertumbuhan tanaman yang optimal. <br>-Teknologi Pertanian:** Gaya pertanian modern dengan teknologi terbaru. Dari irigasi otomatis hingga sensor tanah cerdas, Maju Tani menghadirkan solusi untuk membawa pertanian Anda ke level berikutnya. <br>-Harga Kompetitif:** Kami percaya pertanian maju haruslah terjangkau. Dapatkan produk berkualitas tinggi dengan harga yang bersahabat di Maju Tani. <br>- Kunjungi Toko Kami:** Segera kunjungi Maju Tani di [Alamat]. Temukan bagaimana kami dapat membantu pertanian Anda berkembang melalui produk dan layanan unggulan kami.<br><br>Maju Tani - Menuju Pertanian yang Lebih Modern, Efisien, dan Sukses!', 17),
(110, 4, 5, 5, 'Nativo', 63000, 'nativo.jpeg', 'Selamat Datang di Maju Tani - Solusi Lengkap untuk Pertanian Modern<br><br>Maju Tani hadir sebagai mitra terbaik petani yang mengutamakan teknologi dan inovasi dalam setiap langkah pertanian. Temukan keunggulan kami:<br><br>- Alat Tani Terkini:  Dari teknologi canggih hingga alat klasik yang terbukti, Maju Tani menyediakan koleksi alat tani lengkap untuk mendukung produktivitas dan efisiensi pertanian Anda. <br>-Pupuk Premium:** Pilih dari rangkaian pupuk premium kami, dirancang untuk meningkatkan kualitas tanah dan hasil panen. Berkolaborasi dengan merek-merek terkemuka untuk pertumbuhan tanaman yang optimal. <br>-Teknologi Pertanian:** Gaya pertanian modern dengan teknologi terbaru. Dari irigasi otomatis hingga sensor tanah cerdas, Maju Tani menghadirkan solusi untuk membawa pertanian Anda ke level berikutnya. <br>-Harga Kompetitif:** Kami percaya pertanian maju haruslah terjangkau. Dapatkan produk berkualitas tinggi dengan harga yang bersahabat di Maju Tani. <br>- Kunjungi Toko Kami:** Segera kunjungi Maju Tani di [Alamat]. Temukan bagaimana kami dapat membantu pertanian Anda berkembang melalui produk dan layanan unggulan kami.<br><br>Maju Tani - Menuju Pertanian yang Lebih Modern, Efisien, dan Sukses!', 15),
(111, 4, 5, 5, 'BesrMil', 35000, 'besrmil.jpeg', 'Selamat Datang di Maju Tani - Solusi Lengkap untuk Pertanian Modern<br><br>Maju Tani hadir sebagai mitra terbaik petani yang mengutamakan teknologi dan inovasi dalam setiap langkah pertanian. Temukan keunggulan kami:<br><br>- Alat Tani Terkini:  Dari teknologi canggih hingga alat klasik yang terbukti, Maju Tani menyediakan koleksi alat tani lengkap untuk mendukung produktivitas dan efisiensi pertanian Anda. <br>-Pupuk Premium:** Pilih dari rangkaian pupuk premium kami, dirancang untuk meningkatkan kualitas tanah dan hasil panen. Berkolaborasi dengan merek-merek terkemuka untuk pertumbuhan tanaman yang optimal. <br>-Teknologi Pertanian:** Gaya pertanian modern dengan teknologi terbaru. Dari irigasi otomatis hingga sensor tanah cerdas, Maju Tani menghadirkan solusi untuk membawa pertanian Anda ke level berikutnya. <br>-Harga Kompetitif:** Kami percaya pertanian maju haruslah terjangkau. Dapatkan produk berkualitas tinggi dengan harga yang bersahabat di Maju Tani. <br>- Kunjungi Toko Kami:** Segera kunjungi Maju Tani di [Alamat]. Temukan bagaimana kami dapat membantu pertanian Anda berkembang melalui produk dan layanan unggulan kami.<br><br>Maju Tani - Menuju Pertanian yang Lebih Modern, Efisien, dan Sukses!', 19),
(112, 4, 5, 5, 'Ridomilgold', 98000, 'ridomigold.jpeg', 'Selamat Datang di Maju Tani - Solusi Lengkap untuk Pertanian Modern<br><br>Maju Tani hadir sebagai mitra terbaik petani yang mengutamakan teknologi dan inovasi dalam setiap langkah pertanian. Temukan keunggulan kami:<br><br>- Alat Tani Terkini:  Dari teknologi canggih hingga alat klasik yang terbukti, Maju Tani menyediakan koleksi alat tani lengkap untuk mendukung produktivitas dan efisiensi pertanian Anda. <br>-Pupuk Premium:** Pilih dari rangkaian pupuk premium kami, dirancang untuk meningkatkan kualitas tanah dan hasil panen. Berkolaborasi dengan merek-merek terkemuka untuk pertumbuhan tanaman yang optimal. <br>-Teknologi Pertanian:** Gaya pertanian modern dengan teknologi terbaru. Dari irigasi otomatis hingga sensor tanah cerdas, Maju Tani menghadirkan solusi untuk membawa pertanian Anda ke level berikutnya. <br>-Harga Kompetitif:** Kami percaya pertanian maju haruslah terjangkau. Dapatkan produk berkualitas tinggi dengan harga yang bersahabat di Maju Tani. <br>- Kunjungi Toko Kami:** Segera kunjungi Maju Tani di [Alamat]. Temukan bagaimana kami dapat membantu pertanian Anda berkembang melalui produk dan layanan unggulan kami.<br><br>Maju Tani - Menuju Pertanian yang Lebih Modern, Efisien, dan Sukses!', 20),
(113, 4, 5, 5, 'Danke 40 wp', 60000, 'danke40wp.jpeg', 'Selamat Datang di Maju Tani - Solusi Lengkap untuk Pertanian Modern<br><br>Maju Tani hadir sebagai mitra terbaik petani yang mengutamakan teknologi dan inovasi dalam setiap langkah pertanian. Temukan keunggulan kami:<br><br>- Alat Tani Terkini:  Dari teknologi canggih hingga alat klasik yang terbukti, Maju Tani menyediakan koleksi alat tani lengkap untuk mendukung produktivitas dan efisiensi pertanian Anda. <br>-Pupuk Premium:** Pilih dari rangkaian pupuk premium kami, dirancang untuk meningkatkan kualitas tanah dan hasil panen. Berkolaborasi dengan merek-merek terkemuka untuk pertumbuhan tanaman yang optimal. <br>-Teknologi Pertanian:** Gaya pertanian modern dengan teknologi terbaru. Dari irigasi otomatis hingga sensor tanah cerdas, Maju Tani menghadirkan solusi untuk membawa pertanian Anda ke level berikutnya. <br>-Harga Kompetitif:** Kami percaya pertanian maju haruslah terjangkau. Dapatkan produk berkualitas tinggi dengan harga yang bersahabat di Maju Tani. <br>- Kunjungi Toko Kami:** Segera kunjungi Maju Tani di [Alamat]. Temukan bagaimana kami dapat membantu pertanian Anda berkembang melalui produk dan layanan unggulan kami.<br><br>Maju Tani - Menuju Pertanian yang Lebih Modern, Efisien, dan Sukses!', 18),
(114, 4, 5, 5, 'Octanil 75 wp', 90000, 'octanil75wg.jpeg', 'Selamat Datang di Maju Tani - Solusi Lengkap untuk Pertanian Modern<br><br>Maju Tani hadir sebagai mitra terbaik petani yang mengutamakan teknologi dan inovasi dalam setiap langkah pertanian. Temukan keunggulan kami:<br><br>- Alat Tani Terkini:  Dari teknologi canggih hingga alat klasik yang terbukti, Maju Tani menyediakan koleksi alat tani lengkap untuk mendukung produktivitas dan efisiensi pertanian Anda. <br>-Pupuk Premium:** Pilih dari rangkaian pupuk premium kami, dirancang untuk meningkatkan kualitas tanah dan hasil panen. Berkolaborasi dengan merek-merek terkemuka untuk pertumbuhan tanaman yang optimal. <br>-Teknologi Pertanian:** Gaya pertanian modern dengan teknologi terbaru. Dari irigasi otomatis hingga sensor tanah cerdas, Maju Tani menghadirkan solusi untuk membawa pertanian Anda ke level berikutnya. <br>-Harga Kompetitif:** Kami percaya pertanian maju haruslah terjangkau. Dapatkan produk berkualitas tinggi dengan harga yang bersahabat di Maju Tani. <br>- Kunjungi Toko Kami:** Segera kunjungi Maju Tani di [Alamat]. Temukan bagaimana kami dapat membantu pertanian Anda berkembang melalui produk dan layanan unggulan kami.<br><br>Maju Tani - Menuju Pertanian yang Lebih Modern, Efisien, dan Sukses!', 16),
(115, 4, 5, 5, 'Aceone 75 sp', 80000, 'aceone75sp.jpeg', 'Selamat Datang di Maju Tani - Solusi Lengkap untuk Pertanian Modern<br><br>Maju Tani hadir sebagai mitra terbaik petani yang mengutamakan teknologi dan inovasi dalam setiap langkah pertanian. Temukan keunggulan kami:<br><br>- Alat Tani Terkini:  Dari teknologi canggih hingga alat klasik yang terbukti, Maju Tani menyediakan koleksi alat tani lengkap untuk mendukung produktivitas dan efisiensi pertanian Anda. <br>-Pupuk Premium:** Pilih dari rangkaian pupuk premium kami, dirancang untuk meningkatkan kualitas tanah dan hasil panen. Berkolaborasi dengan merek-merek terkemuka untuk pertumbuhan tanaman yang optimal. <br>-Teknologi Pertanian:** Gaya pertanian modern dengan teknologi terbaru. Dari irigasi otomatis hingga sensor tanah cerdas, Maju Tani menghadirkan solusi untuk membawa pertanian Anda ke level berikutnya. <br>-Harga Kompetitif:** Kami percaya pertanian maju haruslah terjangkau. Dapatkan produk berkualitas tinggi dengan harga yang bersahabat di Maju Tani. <br>- Kunjungi Toko Kami:** Segera kunjungi Maju Tani di [Alamat]. Temukan bagaimana kami dapat membantu pertanian Anda berkembang melalui produk dan layanan unggulan kami.<br><br>Maju Tani - Menuju Pertanian yang Lebih Modern, Efisien, dan Sukses!', 17),
(116, 4, 5, 5, 'Joker 75 sp', 30000, 'joker75sp.jpeg', 'Selamat Datang di Maju Tani - Solusi Lengkap untuk Pertanian Modern<br><br>Maju Tani hadir sebagai mitra terbaik petani yang mengutamakan teknologi dan inovasi dalam setiap langkah pertanian. Temukan keunggulan kami:<br><br>- Alat Tani Terkini:  Dari teknologi canggih hingga alat klasik yang terbukti, Maju Tani menyediakan koleksi alat tani lengkap untuk mendukung produktivitas dan efisiensi pertanian Anda. <br>-Pupuk Premium:** Pilih dari rangkaian pupuk premium kami, dirancang untuk meningkatkan kualitas tanah dan hasil panen. Berkolaborasi dengan merek-merek terkemuka untuk pertumbuhan tanaman yang optimal. <br>-Teknologi Pertanian:** Gaya pertanian modern dengan teknologi terbaru. Dari irigasi otomatis hingga sensor tanah cerdas, Maju Tani menghadirkan solusi untuk membawa pertanian Anda ke level berikutnya. <br>-Harga Kompetitif:** Kami percaya pertanian maju haruslah terjangkau. Dapatkan produk berkualitas tinggi dengan harga yang bersahabat di Maju Tani. <br>- Kunjungi Toko Kami:** Segera kunjungi Maju Tani di [Alamat]. Temukan bagaimana kami dapat membantu pertanian Anda berkembang melalui produk dan layanan unggulan kami.<br><br>Maju Tani - Menuju Pertanian yang Lebih Modern, Efisien, dan Sukses!', 16),
(117, 3, 5, 5, 'Kover ', 67000, 'kover.jpeg', 'Selamat Datang di Maju Tani - Solusi Lengkap untuk Pertanian Modern<br><br>Maju Tani hadir sebagai mitra terbaik petani yang mengutamakan teknologi dan inovasi dalam setiap langkah pertanian. Temukan keunggulan kami:<br><br>- Alat Tani Terkini:  Dari teknologi canggih hingga alat klasik yang terbukti, Maju Tani menyediakan koleksi alat tani lengkap untuk mendukung produktivitas dan efisiensi pertanian Anda. <br>-Pupuk Premium:** Pilih dari rangkaian pupuk premium kami, dirancang untuk meningkatkan kualitas tanah dan hasil panen. Berkolaborasi dengan merek-merek terkemuka untuk pertumbuhan tanaman yang optimal. <br>-Teknologi Pertanian:** Gaya pertanian modern dengan teknologi terbaru. Dari irigasi otomatis hingga sensor tanah cerdas, Maju Tani menghadirkan solusi untuk membawa pertanian Anda ke level berikutnya. <br>-Harga Kompetitif:** Kami percaya pertanian maju haruslah terjangkau. Dapatkan produk berkualitas tinggi dengan harga yang bersahabat di Maju Tani. <br>- Kunjungi Toko Kami:** Segera kunjungi Maju Tani di [Alamat]. Temukan bagaimana kami dapat membantu pertanian Anda berkembang melalui produk dan layanan unggulan kami.<br><br>Maju Tani - Menuju Pertanian yang Lebih Modern, Efisien, dan Sukses!', 18),
(118, 4, 5, 5, 'Nordox 56 wp', 90000, 'nordox56wp.jpeg', 'Selamat Datang di Maju Tani - Solusi Lengkap untuk Pertanian Modern<br><br>Maju Tani hadir sebagai mitra terbaik petani yang mengutamakan teknologi dan inovasi dalam setiap langkah pertanian. Temukan keunggulan kami:<br><br>- Alat Tani Terkini:  Dari teknologi canggih hingga alat klasik yang terbukti, Maju Tani menyediakan koleksi alat tani lengkap untuk mendukung produktivitas dan efisiensi pertanian Anda. <br>-Pupuk Premium:** Pilih dari rangkaian pupuk premium kami, dirancang untuk meningkatkan kualitas tanah dan hasil panen. Berkolaborasi dengan merek-merek terkemuka untuk pertumbuhan tanaman yang optimal. <br>-Teknologi Pertanian:** Gaya pertanian modern dengan teknologi terbaru. Dari irigasi otomatis hingga sensor tanah cerdas, Maju Tani menghadirkan solusi untuk membawa pertanian Anda ke level berikutnya. <br>-Harga Kompetitif:** Kami percaya pertanian maju haruslah terjangkau. Dapatkan produk berkualitas tinggi dengan harga yang bersahabat di Maju Tani. <br>- Kunjungi Toko Kami:** Segera kunjungi Maju Tani di [Alamat]. Temukan bagaimana kami dapat membantu pertanian Anda berkembang melalui produk dan layanan unggulan kami.<br><br>Maju Tani - Menuju Pertanian yang Lebih Modern, Efisien, dan Sukses!', 16),
(119, 1, 5, 5, 'Mulsa Bell 40B', 710000, 'mulsabell40b.jpeg', 'Selamat Datang di Maju Tani - Solusi Lengkap untuk Pertanian Modern<br><br>Maju Tani hadir sebagai mitra terbaik petani yang mengutamakan teknologi dan inovasi dalam setiap langkah pertanian. Temukan keunggulan kami:<br><br>- Alat Tani Terkini:  Dari teknologi canggih hingga alat klasik yang terbukti, Maju Tani menyediakan koleksi alat tani lengkap untuk mendukung produktivitas dan efisiensi pertanian Anda. <br>-Pupuk Premium:** Pilih dari rangkaian pupuk premium kami, dirancang untuk meningkatkan kualitas tanah dan hasil panen. Berkolaborasi dengan merek-merek terkemuka untuk pertumbuhan tanaman yang optimal. <br>-Teknologi Pertanian:** Gaya pertanian modern dengan teknologi terbaru. Dari irigasi otomatis hingga sensor tanah cerdas, Maju Tani menghadirkan solusi untuk membawa pertanian Anda ke level berikutnya. <br>-Harga Kompetitif:** Kami percaya pertanian maju haruslah terjangkau. Dapatkan produk berkualitas tinggi dengan harga yang bersahabat di Maju Tani. <br>- Kunjungi Toko Kami:** Segera kunjungi Maju Tani di [Alamat]. Temukan bagaimana kami dapat membantu pertanian Anda berkembang melalui produk dan layanan unggulan kami.<br><br>Maju Tani - Menuju Pertanian yang Lebih Modern, Efisien, dan Sukses!', 16),
(120, 1, 5, 5, 'Mulsa Bell 50B', 720000, 'mulsabell50b.jpeg', 'Selamat Datang di Maju Tani - Solusi Lengkap untuk Pertanian Modern<br><br>Maju Tani hadir sebagai mitra terbaik petani yang mengutamakan teknologi dan inovasi dalam setiap langkah pertanian. Temukan keunggulan kami:<br><br>- Alat Tani Terkini:  Dari teknologi canggih hingga alat klasik yang terbukti, Maju Tani menyediakan koleksi alat tani lengkap untuk mendukung produktivitas dan efisiensi pertanian Anda. <br>-Pupuk Premium:** Pilih dari rangkaian pupuk premium kami, dirancang untuk meningkatkan kualitas tanah dan hasil panen. Berkolaborasi dengan merek-merek terkemuka untuk pertumbuhan tanaman yang optimal. <br>-Teknologi Pertanian:** Gaya pertanian modern dengan teknologi terbaru. Dari irigasi otomatis hingga sensor tanah cerdas, Maju Tani menghadirkan solusi untuk membawa pertanian Anda ke level berikutnya. <br>-Harga Kompetitif:** Kami percaya pertanian maju haruslah terjangkau. Dapatkan produk berkualitas tinggi dengan harga yang bersahabat di Maju Tani. <br>- Kunjungi Toko Kami:** Segera kunjungi Maju Tani di [Alamat]. Temukan bagaimana kami dapat membantu pertanian Anda berkembang melalui produk dan layanan unggulan kami.<br><br>Maju Tani - Menuju Pertanian yang Lebih Modern, Efisien, dan Sukses!', 16),
(121, 4, 5, 5, 'Calsico', 10000, 'calsico.jpeg', 'Selamat Datang di Maju Tani - Solusi Lengkap untuk Pertanian Modern<br><br>Maju Tani hadir sebagai mitra terbaik petani yang mengutamakan teknologi dan inovasi dalam setiap langkah pertanian. Temukan keunggulan kami:<br><br>- Alat Tani Terkini:  Dari teknologi canggih hingga alat klasik yang terbukti, Maju Tani menyediakan koleksi alat tani lengkap untuk mendukung produktivitas dan efisiensi pertanian Anda. <br>-Pupuk Premium:** Pilih dari rangkaian pupuk premium kami, dirancang untuk meningkatkan kualitas tanah dan hasil panen. Berkolaborasi dengan merek-merek terkemuka untuk pertumbuhan tanaman yang optimal. <br>-Teknologi Pertanian:** Gaya pertanian modern dengan teknologi terbaru. Dari irigasi otomatis hingga sensor tanah cerdas, Maju Tani menghadirkan solusi untuk membawa pertanian Anda ke level berikutnya. <br>-Harga Kompetitif:** Kami percaya pertanian maju haruslah terjangkau. Dapatkan produk berkualitas tinggi dengan harga yang bersahabat di Maju Tani. <br>- Kunjungi Toko Kami:** Segera kunjungi Maju Tani di [Alamat]. Temukan bagaimana kami dapat membantu pertanian Anda berkembang melalui produk dan layanan unggulan kami.<br><br>Maju Tani - Menuju Pertanian yang Lebih Modern, Efisien, dan Sukses!', 17),
(122, 4, 5, 5, 'Pronum', 30000, 'pronum.jpeg', 'Selamat Datang di Maju Tani - Solusi Lengkap untuk Pertanian Modern<br><br>Maju Tani hadir sebagai mitra terbaik petani yang mengutamakan teknologi dan inovasi dalam setiap langkah pertanian. Temukan keunggulan kami:<br><br>- Alat Tani Terkini:  Dari teknologi canggih hingga alat klasik yang terbukti, Maju Tani menyediakan koleksi alat tani lengkap untuk mendukung produktivitas dan efisiensi pertanian Anda. <br>-Pupuk Premium:** Pilih dari rangkaian pupuk premium kami, dirancang untuk meningkatkan kualitas tanah dan hasil panen. Berkolaborasi dengan merek-merek terkemuka untuk pertumbuhan tanaman yang optimal. <br>-Teknologi Pertanian:** Gaya pertanian modern dengan teknologi terbaru. Dari irigasi otomatis hingga sensor tanah cerdas, Maju Tani menghadirkan solusi untuk membawa pertanian Anda ke level berikutnya. <br>-Harga Kompetitif:** Kami percaya pertanian maju haruslah terjangkau. Dapatkan produk berkualitas tinggi dengan harga yang bersahabat di Maju Tani. <br>- Kunjungi Toko Kami:** Segera kunjungi Maju Tani di [Alamat]. Temukan bagaimana kami dapat membantu pertanian Anda berkembang melalui produk dan layanan unggulan kami.<br><br>Maju Tani - Menuju Pertanian yang Lebih Modern, Efisien, dan Sukses!', 17),
(123, 4, 5, 5, 'Kaline', 88000, 'kaline.jpeg', 'Selamat Datang di Maju Tani - Solusi Lengkap untuk Pertanian Modern<br><br>Maju Tani hadir sebagai mitra terbaik petani yang mengutamakan teknologi dan inovasi dalam setiap langkah pertanian. Temukan keunggulan kami:<br><br>- Alat Tani Terkini:  Dari teknologi canggih hingga alat klasik yang terbukti, Maju Tani menyediakan koleksi alat tani lengkap untuk mendukung produktivitas dan efisiensi pertanian Anda. <br>-Pupuk Premium:** Pilih dari rangkaian pupuk premium kami, dirancang untuk meningkatkan kualitas tanah dan hasil panen. Berkolaborasi dengan merek-merek terkemuka untuk pertumbuhan tanaman yang optimal. <br>-Teknologi Pertanian:** Gaya pertanian modern dengan teknologi terbaru. Dari irigasi otomatis hingga sensor tanah cerdas, Maju Tani menghadirkan solusi untuk membawa pertanian Anda ke level berikutnya. <br>-Harga Kompetitif:** Kami percaya pertanian maju haruslah terjangkau. Dapatkan produk berkualitas tinggi dengan harga yang bersahabat di Maju Tani. <br>- Kunjungi Toko Kami:** Segera kunjungi Maju Tani di [Alamat]. Temukan bagaimana kami dapat membantu pertanian Anda berkembang melalui produk dan layanan unggulan kami.<br><br>Maju Tani - Menuju Pertanian yang Lebih Modern, Efisien, dan Sukses!', 19),
(124, 4, 5, 5, 'Tunas Agro Mate ls', 65000, 'tunasagro.jpg', 'Selamat Datang di Maju Tani - Solusi Lengkap untuk Pertanian Modern<br><br>Maju Tani hadir sebagai mitra terbaik petani yang mengutamakan teknologi dan inovasi dalam setiap langkah pertanian. Temukan keunggulan kami:<br><br>- Alat Tani Terkini:  Dari teknologi canggih hingga alat klasik yang terbukti, Maju Tani menyediakan koleksi alat tani lengkap untuk mendukung produktivitas dan efisiensi pertanian Anda. <br>-Pupuk Premium:** Pilih dari rangkaian pupuk premium kami, dirancang untuk meningkatkan kualitas tanah dan hasil panen. Berkolaborasi dengan merek-merek terkemuka untuk pertumbuhan tanaman yang optimal. <br>-Teknologi Pertanian:** Gaya pertanian modern dengan teknologi terbaru. Dari irigasi otomatis hingga sensor tanah cerdas, Maju Tani menghadirkan solusi untuk membawa pertanian Anda ke level berikutnya. <br>-Harga Kompetitif:** Kami percaya pertanian maju haruslah terjangkau. Dapatkan produk berkualitas tinggi dengan harga yang bersahabat di Maju Tani. <br>- Kunjungi Toko Kami:** Segera kunjungi Maju Tani di [Alamat]. Temukan bagaimana kami dapat membantu pertanian Anda berkembang melalui produk dan layanan unggulan kami.<br><br>Maju Tani - Menuju Pertanian yang Lebih Modern, Efisien, dan Sukses!', 15),
(125, 4, 5, 5, 'Tunas Agro Wonderfat', 50000, 'tunasagro.jpg', 'Selamat Datang di Maju Tani - Solusi Lengkap untuk Pertanian Modern<br><br>Maju Tani hadir sebagai mitra terbaik petani yang mengutamakan teknologi dan inovasi dalam setiap langkah pertanian. Temukan keunggulan kami:<br><br>- Alat Tani Terkini:  Dari teknologi canggih hingga alat klasik yang terbukti, Maju Tani menyediakan koleksi alat tani lengkap untuk mendukung produktivitas dan efisiensi pertanian Anda. <br>-Pupuk Premium:** Pilih dari rangkaian pupuk premium kami, dirancang untuk meningkatkan kualitas tanah dan hasil panen. Berkolaborasi dengan merek-merek terkemuka untuk pertumbuhan tanaman yang optimal. <br>-Teknologi Pertanian:** Gaya pertanian modern dengan teknologi terbaru. Dari irigasi otomatis hingga sensor tanah cerdas, Maju Tani menghadirkan solusi untuk membawa pertanian Anda ke level berikutnya. <br>-Harga Kompetitif:** Kami percaya pertanian maju haruslah terjangkau. Dapatkan produk berkualitas tinggi dengan harga yang bersahabat di Maju Tani. <br>- Kunjungi Toko Kami:** Segera kunjungi Maju Tani di [Alamat]. Temukan bagaimana kami dapat membantu pertanian Anda berkembang melalui produk dan layanan unggulan kami.<br><br>Maju Tani - Menuju Pertanian yang Lebih Modern, Efisien, dan Sukses!', 17),
(126, 4, 5, 5, 'Kaline 500ml', 55000, 'kaline.jpeg', 'Selamat Datang di Maju Tani - Solusi Lengkap untuk Pertanian Modern<br><br>Maju Tani hadir sebagai mitra terbaik petani yang mengutamakan teknologi dan inovasi dalam setiap langkah pertanian. Temukan keunggulan kami:<br><br>- Alat Tani Terkini:  Dari teknologi canggih hingga alat klasik yang terbukti, Maju Tani menyediakan koleksi alat tani lengkap untuk mendukung produktivitas dan efisiensi pertanian Anda. <br>-Pupuk Premium:** Pilih dari rangkaian pupuk premium kami, dirancang untuk meningkatkan kualitas tanah dan hasil panen. Berkolaborasi dengan merek-merek terkemuka untuk pertumbuhan tanaman yang optimal. <br>-Teknologi Pertanian:** Gaya pertanian modern dengan teknologi terbaru. Dari irigasi otomatis hingga sensor tanah cerdas, Maju Tani menghadirkan solusi untuk membawa pertanian Anda ke level berikutnya. <br>-Harga Kompetitif:** Kami percaya pertanian maju haruslah terjangkau. Dapatkan produk berkualitas tinggi dengan harga yang bersahabat di Maju Tani. <br>- Kunjungi Toko Kami:** Segera kunjungi Maju Tani di [Alamat]. Temukan bagaimana kami dapat membantu pertanian Anda berkembang melalui produk dan layanan unggulan kami.<br><br>Maju Tani - Menuju Pertanian yang Lebih Modern, Efisien, dan Sukses!', 17),
(127, 4, 5, 5, 'Hantu 1 L', 98000, 'hantu500ml&1l.jpeg', 'Selamat Datang di Maju Tani - Solusi Lengkap untuk Pertanian Modern<br><br>Maju Tani hadir sebagai mitra terbaik petani yang mengutamakan teknologi dan inovasi dalam setiap langkah pertanian. Temukan keunggulan kami:<br><br>- Alat Tani Terkini:  Dari teknologi canggih hingga alat klasik yang terbukti, Maju Tani menyediakan koleksi alat tani lengkap untuk mendukung produktivitas dan efisiensi pertanian Anda. <br>-Pupuk Premium:** Pilih dari rangkaian pupuk premium kami, dirancang untuk meningkatkan kualitas tanah dan hasil panen. Berkolaborasi dengan merek-merek terkemuka untuk pertumbuhan tanaman yang optimal. <br>-Teknologi Pertanian:** Gaya pertanian modern dengan teknologi terbaru. Dari irigasi otomatis hingga sensor tanah cerdas, Maju Tani menghadirkan solusi untuk membawa pertanian Anda ke level berikutnya. <br>-Harga Kompetitif:** Kami percaya pertanian maju haruslah terjangkau. Dapatkan produk berkualitas tinggi dengan harga yang bersahabat di Maju Tani. <br>- Kunjungi Toko Kami:** Segera kunjungi Maju Tani di [Alamat]. Temukan bagaimana kami dapat membantu pertanian Anda berkembang melalui produk dan layanan unggulan kami.<br><br>Maju Tani - Menuju Pertanian yang Lebih Modern, Efisien, dan Sukses!', 15);
INSERT INTO `produk` (`id`, `kategori_id`, `toko_id`, `user_id`, `nama`, `harga`, `foto`, `detail`, `stok`) VALUES
(128, 4, 5, 5, 'Hantu 500 ml', 60000, 'hantu500ml&1l.jpeg', 'Selamat Datang di Maju Tani - Solusi Lengkap untuk Pertanian Modern<br><br>Maju Tani hadir sebagai mitra terbaik petani yang mengutamakan teknologi dan inovasi dalam setiap langkah pertanian. Temukan keunggulan kami:<br><br>- Alat Tani Terkini:  Dari teknologi canggih hingga alat klasik yang terbukti, Maju Tani menyediakan koleksi alat tani lengkap untuk mendukung produktivitas dan efisiensi pertanian Anda. <br>-Pupuk Premium:** Pilih dari rangkaian pupuk premium kami, dirancang untuk meningkatkan kualitas tanah dan hasil panen. Berkolaborasi dengan merek-merek terkemuka untuk pertumbuhan tanaman yang optimal. <br>-Teknologi Pertanian:** Gaya pertanian modern dengan teknologi terbaru. Dari irigasi otomatis hingga sensor tanah cerdas, Maju Tani menghadirkan solusi untuk membawa pertanian Anda ke level berikutnya. <br>-Harga Kompetitif:** Kami percaya pertanian maju haruslah terjangkau. Dapatkan produk berkualitas tinggi dengan harga yang bersahabat di Maju Tani. <br>- Kunjungi Toko Kami:** Segera kunjungi Maju Tani di [Alamat]. Temukan bagaimana kami dapat membantu pertanian Anda berkembang melalui produk dan layanan unggulan kami.<br><br>Maju Tani - Menuju Pertanian yang Lebih Modern, Efisien, dan Sukses!', 18),
(129, 4, 5, 5, 'Primavit', 65000, 'primesticl&primafit.jpeg', 'Selamat Datang di Maju Tani - Solusi Lengkap untuk Pertanian Modern<br><br>Maju Tani hadir sebagai mitra terbaik petani yang mengutamakan teknologi dan inovasi dalam setiap langkah pertanian. Temukan keunggulan kami:<br><br>- Alat Tani Terkini:  Dari teknologi canggih hingga alat klasik yang terbukti, Maju Tani menyediakan koleksi alat tani lengkap untuk mendukung produktivitas dan efisiensi pertanian Anda. <br>-Pupuk Premium:** Pilih dari rangkaian pupuk premium kami, dirancang untuk meningkatkan kualitas tanah dan hasil panen. Berkolaborasi dengan merek-merek terkemuka untuk pertumbuhan tanaman yang optimal. <br>-Teknologi Pertanian:** Gaya pertanian modern dengan teknologi terbaru. Dari irigasi otomatis hingga sensor tanah cerdas, Maju Tani menghadirkan solusi untuk membawa pertanian Anda ke level berikutnya. <br>-Harga Kompetitif:** Kami percaya pertanian maju haruslah terjangkau. Dapatkan produk berkualitas tinggi dengan harga yang bersahabat di Maju Tani. <br>- Kunjungi Toko Kami:** Segera kunjungi Maju Tani di [Alamat]. Temukan bagaimana kami dapat membantu pertanian Anda berkembang melalui produk dan layanan unggulan kami.<br><br>Maju Tani - Menuju Pertanian yang Lebih Modern, Efisien, dan Sukses!', 19),
(130, 4, 5, 5, 'Primestick', 20000, 'primesticl&primafit.jpeg', 'Selamat Datang di Maju Tani - Solusi Lengkap untuk Pertanian Modern<br><br>Maju Tani hadir sebagai mitra terbaik petani yang mengutamakan teknologi dan inovasi dalam setiap langkah pertanian. Temukan keunggulan kami:<br><br>- Alat Tani Terkini:  Dari teknologi canggih hingga alat klasik yang terbukti, Maju Tani menyediakan koleksi alat tani lengkap untuk mendukung produktivitas dan efisiensi pertanian Anda. <br>-Pupuk Premium:** Pilih dari rangkaian pupuk premium kami, dirancang untuk meningkatkan kualitas tanah dan hasil panen. Berkolaborasi dengan merek-merek terkemuka untuk pertumbuhan tanaman yang optimal. <br>-Teknologi Pertanian:** Gaya pertanian modern dengan teknologi terbaru. Dari irigasi otomatis hingga sensor tanah cerdas, Maju Tani menghadirkan solusi untuk membawa pertanian Anda ke level berikutnya. <br>-Harga Kompetitif:** Kami percaya pertanian maju haruslah terjangkau. Dapatkan produk berkualitas tinggi dengan harga yang bersahabat di Maju Tani. <br>- Kunjungi Toko Kami:** Segera kunjungi Maju Tani di [Alamat]. Temukan bagaimana kami dapat membantu pertanian Anda berkembang melalui produk dan layanan unggulan kami.<br><br>Maju Tani - Menuju Pertanian yang Lebih Modern, Efisien, dan Sukses!', 16),
(131, 4, 5, 5, 'Tamxone 1 L', 65000, 'tamaxone1l.jpeg', 'Selamat Datang di Maju Tani - Solusi Lengkap untuk Pertanian Modern<br><br>Maju Tani hadir sebagai mitra terbaik petani yang mengutamakan teknologi dan inovasi dalam setiap langkah pertanian. Temukan keunggulan kami:<br><br>- Alat Tani Terkini:  Dari teknologi canggih hingga alat klasik yang terbukti, Maju Tani menyediakan koleksi alat tani lengkap untuk mendukung produktivitas dan efisiensi pertanian Anda. <br>-Pupuk Premium:** Pilih dari rangkaian pupuk premium kami, dirancang untuk meningkatkan kualitas tanah dan hasil panen. Berkolaborasi dengan merek-merek terkemuka untuk pertumbuhan tanaman yang optimal. <br>-Teknologi Pertanian:** Gaya pertanian modern dengan teknologi terbaru. Dari irigasi otomatis hingga sensor tanah cerdas, Maju Tani menghadirkan solusi untuk membawa pertanian Anda ke level berikutnya. <br>-Harga Kompetitif:** Kami percaya pertanian maju haruslah terjangkau. Dapatkan produk berkualitas tinggi dengan harga yang bersahabat di Maju Tani. <br>- Kunjungi Toko Kami:** Segera kunjungi Maju Tani di [Alamat]. Temukan bagaimana kami dapat membantu pertanian Anda berkembang melalui produk dan layanan unggulan kami.<br><br>Maju Tani - Menuju Pertanian yang Lebih Modern, Efisien, dan Sukses!', 16),
(132, 4, 5, 5, 'Okexone', 60000, 'tamaxone1l.jpeg', 'Selamat Datang di Maju Tani - Solusi Lengkap untuk Pertanian Modern<br><br>Maju Tani hadir sebagai mitra terbaik petani yang mengutamakan teknologi dan inovasi dalam setiap langkah pertanian. Temukan keunggulan kami:<br><br>- Alat Tani Terkini:  Dari teknologi canggih hingga alat klasik yang terbukti, Maju Tani menyediakan koleksi alat tani lengkap untuk mendukung produktivitas dan efisiensi pertanian Anda. <br>-Pupuk Premium:** Pilih dari rangkaian pupuk premium kami, dirancang untuk meningkatkan kualitas tanah dan hasil panen. Berkolaborasi dengan merek-merek terkemuka untuk pertumbuhan tanaman yang optimal. <br>-Teknologi Pertanian:** Gaya pertanian modern dengan teknologi terbaru. Dari irigasi otomatis hingga sensor tanah cerdas, Maju Tani menghadirkan solusi untuk membawa pertanian Anda ke level berikutnya. <br>-Harga Kompetitif:** Kami percaya pertanian maju haruslah terjangkau. Dapatkan produk berkualitas tinggi dengan harga yang bersahabat di Maju Tani. <br>- Kunjungi Toko Kami:** Segera kunjungi Maju Tani di [Alamat]. Temukan bagaimana kami dapat membantu pertanian Anda berkembang melalui produk dan layanan unggulan kami.<br><br>Maju Tani - Menuju Pertanian yang Lebih Modern, Efisien, dan Sukses!', 17),
(133, 4, 5, 5, 'Cadilac ', 83000, 'cadilac.jpeg', 'Selamat Datang di Maju Tani - Solusi Lengkap untuk Pertanian Modern<br><br>Maju Tani hadir sebagai mitra terbaik petani yang mengutamakan teknologi dan inovasi dalam setiap langkah pertanian. Temukan keunggulan kami:<br><br>- Alat Tani Terkini:  Dari teknologi canggih hingga alat klasik yang terbukti, Maju Tani menyediakan koleksi alat tani lengkap untuk mendukung produktivitas dan efisiensi pertanian Anda. <br>-Pupuk Premium:** Pilih dari rangkaian pupuk premium kami, dirancang untuk meningkatkan kualitas tanah dan hasil panen. Berkolaborasi dengan merek-merek terkemuka untuk pertumbuhan tanaman yang optimal. <br>-Teknologi Pertanian:** Gaya pertanian modern dengan teknologi terbaru. Dari irigasi otomatis hingga sensor tanah cerdas, Maju Tani menghadirkan solusi untuk membawa pertanian Anda ke level berikutnya. <br>-Harga Kompetitif:** Kami percaya pertanian maju haruslah terjangkau. Dapatkan produk berkualitas tinggi dengan harga yang bersahabat di Maju Tani. <br>- Kunjungi Toko Kami:** Segera kunjungi Maju Tani di [Alamat]. Temukan bagaimana kami dapat membantu pertanian Anda berkembang melalui produk dan layanan unggulan kami.<br><br>Maju Tani - Menuju Pertanian yang Lebih Modern, Efisien, dan Sukses!', 16),
(134, 4, 5, 5, 'Ziflo', 90000, 'ziflo.jpeg', 'Selamat Datang di Maju Tani - Solusi Lengkap untuk Pertanian Modern<br><br>Maju Tani hadir sebagai mitra terbaik petani yang mengutamakan teknologi dan inovasi dalam setiap langkah pertanian. Temukan keunggulan kami:<br><br>- Alat Tani Terkini:  Dari teknologi canggih hingga alat klasik yang terbukti, Maju Tani menyediakan koleksi alat tani lengkap untuk mendukung produktivitas dan efisiensi pertanian Anda. <br>-Pupuk Premium:** Pilih dari rangkaian pupuk premium kami, dirancang untuk meningkatkan kualitas tanah dan hasil panen. Berkolaborasi dengan merek-merek terkemuka untuk pertumbuhan tanaman yang optimal. <br>-Teknologi Pertanian:** Gaya pertanian modern dengan teknologi terbaru. Dari irigasi otomatis hingga sensor tanah cerdas, Maju Tani menghadirkan solusi untuk membawa pertanian Anda ke level berikutnya. <br>-Harga Kompetitif:** Kami percaya pertanian maju haruslah terjangkau. Dapatkan produk berkualitas tinggi dengan harga yang bersahabat di Maju Tani. <br>- Kunjungi Toko Kami:** Segera kunjungi Maju Tani di [Alamat]. Temukan bagaimana kami dapat membantu pertanian Anda berkembang melalui produk dan layanan unggulan kami.<br><br>Maju Tani - Menuju Pertanian yang Lebih Modern, Efisien, dan Sukses!', 17),
(135, 3, 5, 5, 'Malika', 35000, 'malika.jpeg', 'Selamat Datang di Maju Tani - Solusi Lengkap untuk Pertanian Modern<br><br>Maju Tani hadir sebagai mitra terbaik petani yang mengutamakan teknologi dan inovasi dalam setiap langkah pertanian. Temukan keunggulan kami:<br><br>- Alat Tani Terkini:  Dari teknologi canggih hingga alat klasik yang terbukti, Maju Tani menyediakan koleksi alat tani lengkap untuk mendukung produktivitas dan efisiensi pertanian Anda. <br>-Pupuk Premium:** Pilih dari rangkaian pupuk premium kami, dirancang untuk meningkatkan kualitas tanah dan hasil panen. Berkolaborasi dengan merek-merek terkemuka untuk pertumbuhan tanaman yang optimal. <br>-Teknologi Pertanian:** Gaya pertanian modern dengan teknologi terbaru. Dari irigasi otomatis hingga sensor tanah cerdas, Maju Tani menghadirkan solusi untuk membawa pertanian Anda ke level berikutnya. <br>-Harga Kompetitif:** Kami percaya pertanian maju haruslah terjangkau. Dapatkan produk berkualitas tinggi dengan harga yang bersahabat di Maju Tani. <br>- Kunjungi Toko Kami:** Segera kunjungi Maju Tani di [Alamat]. Temukan bagaimana kami dapat membantu pertanian Anda berkembang melalui produk dan layanan unggulan kami.<br><br>Maju Tani - Menuju Pertanian yang Lebih Modern, Efisien, dan Sukses!', 18),
(136, 4, 5, 5, 'Antila', 68000, 'antila.jpeg', 'Selamat Datang di Maju Tani - Solusi Lengkap untuk Pertanian Modern<br><br>Maju Tani hadir sebagai mitra terbaik petani yang mengutamakan teknologi dan inovasi dalam setiap langkah pertanian. Temukan keunggulan kami:<br><br>- Alat Tani Terkini:  Dari teknologi canggih hingga alat klasik yang terbukti, Maju Tani menyediakan koleksi alat tani lengkap untuk mendukung produktivitas dan efisiensi pertanian Anda. <br>-Pupuk Premium:** Pilih dari rangkaian pupuk premium kami, dirancang untuk meningkatkan kualitas tanah dan hasil panen. Berkolaborasi dengan merek-merek terkemuka untuk pertumbuhan tanaman yang optimal. <br>-Teknologi Pertanian:** Gaya pertanian modern dengan teknologi terbaru. Dari irigasi otomatis hingga sensor tanah cerdas, Maju Tani menghadirkan solusi untuk membawa pertanian Anda ke level berikutnya. <br>-Harga Kompetitif:** Kami percaya pertanian maju haruslah terjangkau. Dapatkan produk berkualitas tinggi dengan harga yang bersahabat di Maju Tani. <br>- Kunjungi Toko Kami:** Segera kunjungi Maju Tani di [Alamat]. Temukan bagaimana kami dapat membantu pertanian Anda berkembang melalui produk dan layanan unggulan kami.<br><br>Maju Tani - Menuju Pertanian yang Lebih Modern, Efisien, dan Sukses!', 16),
(137, 4, 5, 5, 'Megazeb 1 kg', 93000, 'megazeb1kg.jpeg', 'Selamat Datang di Maju Tani - Solusi Lengkap untuk Pertanian Modern<br><br>Maju Tani hadir sebagai mitra terbaik petani yang mengutamakan teknologi dan inovasi dalam setiap langkah pertanian. Temukan keunggulan kami:<br><br>- Alat Tani Terkini:  Dari teknologi canggih hingga alat klasik yang terbukti, Maju Tani menyediakan koleksi alat tani lengkap untuk mendukung produktivitas dan efisiensi pertanian Anda. <br>-Pupuk Premium:** Pilih dari rangkaian pupuk premium kami, dirancang untuk meningkatkan kualitas tanah dan hasil panen. Berkolaborasi dengan merek-merek terkemuka untuk pertumbuhan tanaman yang optimal. <br>-Teknologi Pertanian:** Gaya pertanian modern dengan teknologi terbaru. Dari irigasi otomatis hingga sensor tanah cerdas, Maju Tani menghadirkan solusi untuk membawa pertanian Anda ke level berikutnya. <br>-Harga Kompetitif:** Kami percaya pertanian maju haruslah terjangkau. Dapatkan produk berkualitas tinggi dengan harga yang bersahabat di Maju Tani. <br>- Kunjungi Toko Kami:** Segera kunjungi Maju Tani di [Alamat]. Temukan bagaimana kami dapat membantu pertanian Anda berkembang melalui produk dan layanan unggulan kami.<br><br>Maju Tani - Menuju Pertanian yang Lebih Modern, Efisien, dan Sukses!', 16),
(138, 4, 5, 5, 'Trithane 80 wp', 85000, 'trithane80wp.jpeg', 'Selamat Datang di Maju Tani - Solusi Lengkap untuk Pertanian Modern<br><br>Maju Tani hadir sebagai mitra terbaik petani yang mengutamakan teknologi dan inovasi dalam setiap langkah pertanian. Temukan keunggulan kami:<br><br>- Alat Tani Terkini:  Dari teknologi canggih hingga alat klasik yang terbukti, Maju Tani menyediakan koleksi alat tani lengkap untuk mendukung produktivitas dan efisiensi pertanian Anda. <br>-Pupuk Premium:** Pilih dari rangkaian pupuk premium kami, dirancang untuk meningkatkan kualitas tanah dan hasil panen. Berkolaborasi dengan merek-merek terkemuka untuk pertumbuhan tanaman yang optimal. <br>-Teknologi Pertanian:** Gaya pertanian modern dengan teknologi terbaru. Dari irigasi otomatis hingga sensor tanah cerdas, Maju Tani menghadirkan solusi untuk membawa pertanian Anda ke level berikutnya. <br>-Harga Kompetitif:** Kami percaya pertanian maju haruslah terjangkau. Dapatkan produk berkualitas tinggi dengan harga yang bersahabat di Maju Tani. <br>- Kunjungi Toko Kami:** Segera kunjungi Maju Tani di [Alamat]. Temukan bagaimana kami dapat membantu pertanian Anda berkembang melalui produk dan layanan unggulan kami.<br><br>Maju Tani - Menuju Pertanian yang Lebih Modern, Efisien, dan Sukses!', 17),
(139, 4, 5, 5, 'Yozeb 82 wp', 85000, 'yoozeb82wp.jpeg', 'Selamat Datang di Maju Tani - Solusi Lengkap untuk Pertanian Modern<br><br>Maju Tani hadir sebagai mitra terbaik petani yang mengutamakan teknologi dan inovasi dalam setiap langkah pertanian. Temukan keunggulan kami:<br><br>- Alat Tani Terkini:  Dari teknologi canggih hingga alat klasik yang terbukti, Maju Tani menyediakan koleksi alat tani lengkap untuk mendukung produktivitas dan efisiensi pertanian Anda. <br>-Pupuk Premium:** Pilih dari rangkaian pupuk premium kami, dirancang untuk meningkatkan kualitas tanah dan hasil panen. Berkolaborasi dengan merek-merek terkemuka untuk pertumbuhan tanaman yang optimal. <br>-Teknologi Pertanian:** Gaya pertanian modern dengan teknologi terbaru. Dari irigasi otomatis hingga sensor tanah cerdas, Maju Tani menghadirkan solusi untuk membawa pertanian Anda ke level berikutnya. <br>-Harga Kompetitif:** Kami percaya pertanian maju haruslah terjangkau. Dapatkan produk berkualitas tinggi dengan harga yang bersahabat di Maju Tani. <br>- Kunjungi Toko Kami:** Segera kunjungi Maju Tani di [Alamat]. Temukan bagaimana kami dapat membantu pertanian Anda berkembang melalui produk dan layanan unggulan kami.<br><br>Maju Tani - Menuju Pertanian yang Lebih Modern, Efisien, dan Sukses!', 19),
(140, 4, 5, 5, 'Gramoxone 1 L', 85000, 'gramoxone1l.jpeg', 'Selamat Datang di Maju Tani - Solusi Lengkap untuk Pertanian Modern<br><br>Maju Tani hadir sebagai mitra terbaik petani yang mengutamakan teknologi dan inovasi dalam setiap langkah pertanian. Temukan keunggulan kami:<br><br>- Alat Tani Terkini:  Dari teknologi canggih hingga alat klasik yang terbukti, Maju Tani menyediakan koleksi alat tani lengkap untuk mendukung produktivitas dan efisiensi pertanian Anda. <br>-Pupuk Premium:** Pilih dari rangkaian pupuk premium kami, dirancang untuk meningkatkan kualitas tanah dan hasil panen. Berkolaborasi dengan merek-merek terkemuka untuk pertumbuhan tanaman yang optimal. <br>-Teknologi Pertanian:** Gaya pertanian modern dengan teknologi terbaru. Dari irigasi otomatis hingga sensor tanah cerdas, Maju Tani menghadirkan solusi untuk membawa pertanian Anda ke level berikutnya. <br>-Harga Kompetitif:** Kami percaya pertanian maju haruslah terjangkau. Dapatkan produk berkualitas tinggi dengan harga yang bersahabat di Maju Tani. <br>- Kunjungi Toko Kami:** Segera kunjungi Maju Tani di [Alamat]. Temukan bagaimana kami dapat membantu pertanian Anda berkembang melalui produk dan layanan unggulan kami.<br><br>Maju Tani - Menuju Pertanian yang Lebih Modern, Efisien, dan Sukses!', 15),
(141, 3, 5, 5, 'Pronum 1 L', 30000, 'pronum.jpeg', 'Selamat Datang di Maju Tani - Solusi Lengkap untuk Pertanian Modern<br><br>Maju Tani hadir sebagai mitra terbaik petani yang mengutamakan teknologi dan inovasi dalam setiap langkah pertanian. Temukan keunggulan kami:<br><br>- Alat Tani Terkini:  Dari teknologi canggih hingga alat klasik yang terbukti, Maju Tani menyediakan koleksi alat tani lengkap untuk mendukung produktivitas dan efisiensi pertanian Anda. <br>-Pupuk Premium:** Pilih dari rangkaian pupuk premium kami, dirancang untuk meningkatkan kualitas tanah dan hasil panen. Berkolaborasi dengan merek-merek terkemuka untuk pertumbuhan tanaman yang optimal. <br>-Teknologi Pertanian:** Gaya pertanian modern dengan teknologi terbaru. Dari irigasi otomatis hingga sensor tanah cerdas, Maju Tani menghadirkan solusi untuk membawa pertanian Anda ke level berikutnya. <br>-Harga Kompetitif:** Kami percaya pertanian maju haruslah terjangkau. Dapatkan produk berkualitas tinggi dengan harga yang bersahabat di Maju Tani. <br>- Kunjungi Toko Kami:** Segera kunjungi Maju Tani di [Alamat]. Temukan bagaimana kami dapat membantu pertanian Anda berkembang melalui produk dan layanan unggulan kami.<br><br>Maju Tani - Menuju Pertanian yang Lebih Modern, Efisien, dan Sukses!', 16),
(142, 1, 5, 5, 'Rafia Bola Dunia', 10000, 'rafiaboladunia.jpg', 'Selamat Datang di Maju Tani - Solusi Lengkap untuk Pertanian Modern<br><br>Maju Tani hadir sebagai mitra terbaik petani yang mengutamakan teknologi dan inovasi dalam setiap langkah pertanian. Temukan keunggulan kami:<br><br>- Alat Tani Terkini:  Dari teknologi canggih hingga alat klasik yang terbukti, Maju Tani menyediakan koleksi alat tani lengkap untuk mendukung produktivitas dan efisiensi pertanian Anda. <br>-Pupuk Premium:** Pilih dari rangkaian pupuk premium kami, dirancang untuk meningkatkan kualitas tanah dan hasil panen. Berkolaborasi dengan merek-merek terkemuka untuk pertumbuhan tanaman yang optimal. <br>-Teknologi Pertanian:** Gaya pertanian modern dengan teknologi terbaru. Dari irigasi otomatis hingga sensor tanah cerdas, Maju Tani menghadirkan solusi untuk membawa pertanian Anda ke level berikutnya. <br>-Harga Kompetitif:** Kami percaya pertanian maju haruslah terjangkau. Dapatkan produk berkualitas tinggi dengan harga yang bersahabat di Maju Tani. <br>- Kunjungi Toko Kami:** Segera kunjungi Maju Tani di [Alamat]. Temukan bagaimana kami dapat membantu pertanian Anda berkembang melalui produk dan layanan unggulan kami.<br><br>Maju Tani - Menuju Pertanian yang Lebih Modern, Efisien, dan Sukses!', 16),
(143, 3, 5, 5, 'Saproda 25 kg', 325000, 'saprodap5kg.jpg', 'Selamat Datang di Maju Tani - Solusi Lengkap untuk Pertanian Modern<br><br>Maju Tani hadir sebagai mitra terbaik petani yang mengutamakan teknologi dan inovasi dalam setiap langkah pertanian. Temukan keunggulan kami:<br><br>- Alat Tani Terkini:  Dari teknologi canggih hingga alat klasik yang terbukti, Maju Tani menyediakan koleksi alat tani lengkap untuk mendukung produktivitas dan efisiensi pertanian Anda. <br>-Pupuk Premium:** Pilih dari rangkaian pupuk premium kami, dirancang untuk meningkatkan kualitas tanah dan hasil panen. Berkolaborasi dengan merek-merek terkemuka untuk pertumbuhan tanaman yang optimal. <br>-Teknologi Pertanian:** Gaya pertanian modern dengan teknologi terbaru. Dari irigasi otomatis hingga sensor tanah cerdas, Maju Tani menghadirkan solusi untuk membawa pertanian Anda ke level berikutnya. <br>-Harga Kompetitif:** Kami percaya pertanian maju haruslah terjangkau. Dapatkan produk berkualitas tinggi dengan harga yang bersahabat di Maju Tani. <br>- Kunjungi Toko Kami:** Segera kunjungi Maju Tani di [Alamat]. Temukan bagaimana kami dapat membantu pertanian Anda berkembang melalui produk dan layanan unggulan kami.<br><br>Maju Tani - Menuju Pertanian yang Lebih Modern, Efisien, dan Sukses!', 18),
(144, 3, 5, 5, 'Nitrea ecer/kg', 8000, 'nitrea5kg.jpeg', 'Selamat Datang di Maju Tani - Solusi Lengkap untuk Pertanian Modern<br><br>Maju Tani hadir sebagai mitra terbaik petani yang mengutamakan teknologi dan inovasi dalam setiap langkah pertanian. Temukan keunggulan kami:<br><br>- Alat Tani Terkini:  Dari teknologi canggih hingga alat klasik yang terbukti, Maju Tani menyediakan koleksi alat tani lengkap untuk mendukung produktivitas dan efisiensi pertanian Anda. <br>-Pupuk Premium:** Pilih dari rangkaian pupuk premium kami, dirancang untuk meningkatkan kualitas tanah dan hasil panen. Berkolaborasi dengan merek-merek terkemuka untuk pertumbuhan tanaman yang optimal. <br>-Teknologi Pertanian:** Gaya pertanian modern dengan teknologi terbaru. Dari irigasi otomatis hingga sensor tanah cerdas, Maju Tani menghadirkan solusi untuk membawa pertanian Anda ke level berikutnya. <br>-Harga Kompetitif:** Kami percaya pertanian maju haruslah terjangkau. Dapatkan produk berkualitas tinggi dengan harga yang bersahabat di Maju Tani. <br>- Kunjungi Toko Kami:** Segera kunjungi Maju Tani di [Alamat]. Temukan bagaimana kami dapat membantu pertanian Anda berkembang melalui produk dan layanan unggulan kami.<br><br>Maju Tani - Menuju Pertanian yang Lebih Modern, Efisien, dan Sukses!', 16),
(145, 3, 5, 5, 'Golden Star 5 kg', 55000, 'goldenmax.jpg', 'Selamat Datang di Maju Tani - Solusi Lengkap untuk Pertanian Modern<br><br>Maju Tani hadir sebagai mitra terbaik petani yang mengutamakan teknologi dan inovasi dalam setiap langkah pertanian. Temukan keunggulan kami:<br><br>- Alat Tani Terkini:  Dari teknologi canggih hingga alat klasik yang terbukti, Maju Tani menyediakan koleksi alat tani lengkap untuk mendukung produktivitas dan efisiensi pertanian Anda. <br>-Pupuk Premium:** Pilih dari rangkaian pupuk premium kami, dirancang untuk meningkatkan kualitas tanah dan hasil panen. Berkolaborasi dengan merek-merek terkemuka untuk pertumbuhan tanaman yang optimal. <br>-Teknologi Pertanian:** Gaya pertanian modern dengan teknologi terbaru. Dari irigasi otomatis hingga sensor tanah cerdas, Maju Tani menghadirkan solusi untuk membawa pertanian Anda ke level berikutnya. <br>-Harga Kompetitif:** Kami percaya pertanian maju haruslah terjangkau. Dapatkan produk berkualitas tinggi dengan harga yang bersahabat di Maju Tani. <br>- Kunjungi Toko Kami:** Segera kunjungi Maju Tani di [Alamat]. Temukan bagaimana kami dapat membantu pertanian Anda berkembang melalui produk dan layanan unggulan kami.<br><br>Maju Tani - Menuju Pertanian yang Lebih Modern, Efisien, dan Sukses!', 16),
(146, 1, 5, 5, 'Mulsa 60k', 350000, 'mulsabell50b.jpeg', 'Selamat Datang di Maju Tani - Solusi Lengkap untuk Pertanian Modern<br><br>Maju Tani hadir sebagai mitra terbaik petani yang mengutamakan teknologi dan inovasi dalam setiap langkah pertanian. Temukan keunggulan kami:<br><br>- Alat Tani Terkini:  Dari teknologi canggih hingga alat klasik yang terbukti, Maju Tani menyediakan koleksi alat tani lengkap untuk mendukung produktivitas dan efisiensi pertanian Anda. <br>-Pupuk Premium:** Pilih dari rangkaian pupuk premium kami, dirancang untuk meningkatkan kualitas tanah dan hasil panen. Berkolaborasi dengan merek-merek terkemuka untuk pertumbuhan tanaman yang optimal. <br>-Teknologi Pertanian:** Gaya pertanian modern dengan teknologi terbaru. Dari irigasi otomatis hingga sensor tanah cerdas, Maju Tani menghadirkan solusi untuk membawa pertanian Anda ke level berikutnya. <br>-Harga Kompetitif:** Kami percaya pertanian maju haruslah terjangkau. Dapatkan produk berkualitas tinggi dengan harga yang bersahabat di Maju Tani. <br>- Kunjungi Toko Kami:** Segera kunjungi Maju Tani di [Alamat]. Temukan bagaimana kami dapat membantu pertanian Anda berkembang melalui produk dan layanan unggulan kami.<br><br>Maju Tani - Menuju Pertanian yang Lebih Modern, Efisien, dan Sukses!', 18),
(147, 4, 5, 5, 'Prevaton', 130000, 'pronum.jpeg', 'Selamat Datang di Maju Tani - Solusi Lengkap untuk Pertanian Modern<br><br>Maju Tani hadir sebagai mitra terbaik petani yang mengutamakan teknologi dan inovasi dalam setiap langkah pertanian. Temukan keunggulan kami:<br><br>- Alat Tani Terkini:  Dari teknologi canggih hingga alat klasik yang terbukti, Maju Tani menyediakan koleksi alat tani lengkap untuk mendukung produktivitas dan efisiensi pertanian Anda. <br>-Pupuk Premium:** Pilih dari rangkaian pupuk premium kami, dirancang untuk meningkatkan kualitas tanah dan hasil panen. Berkolaborasi dengan merek-merek terkemuka untuk pertumbuhan tanaman yang optimal. <br>-Teknologi Pertanian:** Gaya pertanian modern dengan teknologi terbaru. Dari irigasi otomatis hingga sensor tanah cerdas, Maju Tani menghadirkan solusi untuk membawa pertanian Anda ke level berikutnya. <br>-Harga Kompetitif:** Kami percaya pertanian maju haruslah terjangkau. Dapatkan produk berkualitas tinggi dengan harga yang bersahabat di Maju Tani. <br>- Kunjungi Toko Kami:** Segera kunjungi Maju Tani di [Alamat]. Temukan bagaimana kami dapat membantu pertanian Anda berkembang melalui produk dan layanan unggulan kami.<br><br>Maju Tani - Menuju Pertanian yang Lebih Modern, Efisien, dan Sukses!', 18),
(148, 4, 5, 5, 'Sapporo 52 wp', 55000, 'saporo.jpg', 'Selamat Datang di Maju Tani - Solusi Lengkap untuk Pertanian Modern<br><br>Maju Tani hadir sebagai mitra terbaik petani yang mengutamakan teknologi dan inovasi dalam setiap langkah pertanian. Temukan keunggulan kami:<br><br>- Alat Tani Terkini:  Dari teknologi canggih hingga alat klasik yang terbukti, Maju Tani menyediakan koleksi alat tani lengkap untuk mendukung produktivitas dan efisiensi pertanian Anda. <br>-Pupuk Premium:** Pilih dari rangkaian pupuk premium kami, dirancang untuk meningkatkan kualitas tanah dan hasil panen. Berkolaborasi dengan merek-merek terkemuka untuk pertumbuhan tanaman yang optimal. <br>-Teknologi Pertanian:** Gaya pertanian modern dengan teknologi terbaru. Dari irigasi otomatis hingga sensor tanah cerdas, Maju Tani menghadirkan solusi untuk membawa pertanian Anda ke level berikutnya. <br>-Harga Kompetitif:** Kami percaya pertanian maju haruslah terjangkau. Dapatkan produk berkualitas tinggi dengan harga yang bersahabat di Maju Tani. <br>- Kunjungi Toko Kami:** Segera kunjungi Maju Tani di [Alamat]. Temukan bagaimana kami dapat membantu pertanian Anda berkembang melalui produk dan layanan unggulan kami.<br><br>Maju Tani - Menuju Pertanian yang Lebih Modern, Efisien, dan Sukses!', 20),
(149, 4, 5, 5, 'Emacel 30 EC', 45000, 'emacel.jpg', 'Selamat Datang di Maju Tani - Solusi Lengkap untuk Pertanian Modern<br><br>Maju Tani hadir sebagai mitra terbaik petani yang mengutamakan teknologi dan inovasi dalam setiap langkah pertanian. Temukan keunggulan kami:<br><br>- Alat Tani Terkini:  Dari teknologi canggih hingga alat klasik yang terbukti, Maju Tani menyediakan koleksi alat tani lengkap untuk mendukung produktivitas dan efisiensi pertanian Anda. <br>-Pupuk Premium:** Pilih dari rangkaian pupuk premium kami, dirancang untuk meningkatkan kualitas tanah dan hasil panen. Berkolaborasi dengan merek-merek terkemuka untuk pertumbuhan tanaman yang optimal. <br>-Teknologi Pertanian:** Gaya pertanian modern dengan teknologi terbaru. Dari irigasi otomatis hingga sensor tanah cerdas, Maju Tani menghadirkan solusi untuk membawa pertanian Anda ke level berikutnya. <br>-Harga Kompetitif:** Kami percaya pertanian maju haruslah terjangkau. Dapatkan produk berkualitas tinggi dengan harga yang bersahabat di Maju Tani. <br>- Kunjungi Toko Kami:** Segera kunjungi Maju Tani di [Alamat]. Temukan bagaimana kami dapat membantu pertanian Anda berkembang melalui produk dan layanan unggulan kami.<br><br>Maju Tani - Menuju Pertanian yang Lebih Modern, Efisien, dan Sukses!', 16),
(150, 4, 5, 5, 'Score 250 EC', 60000, 'emacell.jpg', 'Selamat Datang di Maju Tani - Solusi Lengkap untuk Pertanian Modern<br><br>Maju Tani hadir sebagai mitra terbaik petani yang mengutamakan teknologi dan inovasi dalam setiap langkah pertanian. Temukan keunggulan kami:<br><br>- Alat Tani Terkini:  Dari teknologi canggih hingga alat klasik yang terbukti, Maju Tani menyediakan koleksi alat tani lengkap untuk mendukung produktivitas dan efisiensi pertanian Anda. <br>-Pupuk Premium:** Pilih dari rangkaian pupuk premium kami, dirancang untuk meningkatkan kualitas tanah dan hasil panen. Berkolaborasi dengan merek-merek terkemuka untuk pertumbuhan tanaman yang optimal. <br>-Teknologi Pertanian:** Gaya pertanian modern dengan teknologi terbaru. Dari irigasi otomatis hingga sensor tanah cerdas, Maju Tani menghadirkan solusi untuk membawa pertanian Anda ke level berikutnya. <br>-Harga Kompetitif:** Kami percaya pertanian maju haruslah terjangkau. Dapatkan produk berkualitas tinggi dengan harga yang bersahabat di Maju Tani. <br>- Kunjungi Toko Kami:** Segera kunjungi Maju Tani di [Alamat]. Temukan bagaimana kami dapat membantu pertanian Anda berkembang melalui produk dan layanan unggulan kami.<br><br>Maju Tani - Menuju Pertanian yang Lebih Modern, Efisien, dan Sukses!', 20),
(151, 4, 5, 5, 'Konate 460 SC 100 ml', 80000, 'konate.jpg', 'Selamat Datang di Maju Tani - Solusi Lengkap untuk Pertanian Modern<br><br>Maju Tani hadir sebagai mitra terbaik petani yang mengutamakan teknologi dan inovasi dalam setiap langkah pertanian. Temukan keunggulan kami:<br><br>- Alat Tani Terkini:  Dari teknologi canggih hingga alat klasik yang terbukti, Maju Tani menyediakan koleksi alat tani lengkap untuk mendukung produktivitas dan efisiensi pertanian Anda. <br>-Pupuk Premium:** Pilih dari rangkaian pupuk premium kami, dirancang untuk meningkatkan kualitas tanah dan hasil panen. Berkolaborasi dengan merek-merek terkemuka untuk pertumbuhan tanaman yang optimal. <br>-Teknologi Pertanian:** Gaya pertanian modern dengan teknologi terbaru. Dari irigasi otomatis hingga sensor tanah cerdas, Maju Tani menghadirkan solusi untuk membawa pertanian Anda ke level berikutnya. <br>-Harga Kompetitif:** Kami percaya pertanian maju haruslah terjangkau. Dapatkan produk berkualitas tinggi dengan harga yang bersahabat di Maju Tani. <br>- Kunjungi Toko Kami:** Segera kunjungi Maju Tani di [Alamat]. Temukan bagaimana kami dapat membantu pertanian Anda berkembang melalui produk dan layanan unggulan kami.<br><br>Maju Tani - Menuju Pertanian yang Lebih Modern, Efisien, dan Sukses!', 18),
(152, 4, 5, 5, 'Konate 460 SC 250 ml', 180000, 'konate.jpg', 'Selamat Datang di Maju Tani - Solusi Lengkap untuk Pertanian Modern<br><br>Maju Tani hadir sebagai mitra terbaik petani yang mengutamakan teknologi dan inovasi dalam setiap langkah pertanian. Temukan keunggulan kami:<br><br>- Alat Tani Terkini:  Dari teknologi canggih hingga alat klasik yang terbukti, Maju Tani menyediakan koleksi alat tani lengkap untuk mendukung produktivitas dan efisiensi pertanian Anda. <br>-Pupuk Premium:** Pilih dari rangkaian pupuk premium kami, dirancang untuk meningkatkan kualitas tanah dan hasil panen. Berkolaborasi dengan merek-merek terkemuka untuk pertumbuhan tanaman yang optimal. <br>-Teknologi Pertanian:** Gaya pertanian modern dengan teknologi terbaru. Dari irigasi otomatis hingga sensor tanah cerdas, Maju Tani menghadirkan solusi untuk membawa pertanian Anda ke level berikutnya. <br>-Harga Kompetitif:** Kami percaya pertanian maju haruslah terjangkau. Dapatkan produk berkualitas tinggi dengan harga yang bersahabat di Maju Tani. <br>- Kunjungi Toko Kami:** Segera kunjungi Maju Tani di [Alamat]. Temukan bagaimana kami dapat membantu pertanian Anda berkembang melalui produk dan layanan unggulan kami.<br><br>Maju Tani - Menuju Pertanian yang Lebih Modern, Efisien, dan Sukses!', 17),
(153, 4, 5, 5, 'Atonik 500 ml', 63000, 'atonik.jpg', 'Selamat Datang di Maju Tani - Solusi Lengkap untuk Pertanian Modern<br><br>Maju Tani hadir sebagai mitra terbaik petani yang mengutamakan teknologi dan inovasi dalam setiap langkah pertanian. Temukan keunggulan kami:<br><br>- Alat Tani Terkini:  Dari teknologi canggih hingga alat klasik yang terbukti, Maju Tani menyediakan koleksi alat tani lengkap untuk mendukung produktivitas dan efisiensi pertanian Anda. <br>-Pupuk Premium:** Pilih dari rangkaian pupuk premium kami, dirancang untuk meningkatkan kualitas tanah dan hasil panen. Berkolaborasi dengan merek-merek terkemuka untuk pertumbuhan tanaman yang optimal. <br>-Teknologi Pertanian:** Gaya pertanian modern dengan teknologi terbaru. Dari irigasi otomatis hingga sensor tanah cerdas, Maju Tani menghadirkan solusi untuk membawa pertanian Anda ke level berikutnya. <br>-Harga Kompetitif:** Kami percaya pertanian maju haruslah terjangkau. Dapatkan produk berkualitas tinggi dengan harga yang bersahabat di Maju Tani. <br>- Kunjungi Toko Kami:** Segera kunjungi Maju Tani di [Alamat]. Temukan bagaimana kami dapat membantu pertanian Anda berkembang melalui produk dan layanan unggulan kami.<br><br>Maju Tani - Menuju Pertanian yang Lebih Modern, Efisien, dan Sukses!', 19),
(154, 4, 5, 5, 'Dobelmectin 100 ml', 45000, 'dobelmectin.jpg', 'Selamat Datang di Maju Tani - Solusi Lengkap untuk Pertanian Modern<br><br>Maju Tani hadir sebagai mitra terbaik petani yang mengutamakan teknologi dan inovasi dalam setiap langkah pertanian. Temukan keunggulan kami:<br><br>- Alat Tani Terkini:  Dari teknologi canggih hingga alat klasik yang terbukti, Maju Tani menyediakan koleksi alat tani lengkap untuk mendukung produktivitas dan efisiensi pertanian Anda. <br>-Pupuk Premium:** Pilih dari rangkaian pupuk premium kami, dirancang untuk meningkatkan kualitas tanah dan hasil panen. Berkolaborasi dengan merek-merek terkemuka untuk pertumbuhan tanaman yang optimal. <br>-Teknologi Pertanian:** Gaya pertanian modern dengan teknologi terbaru. Dari irigasi otomatis hingga sensor tanah cerdas, Maju Tani menghadirkan solusi untuk membawa pertanian Anda ke level berikutnya. <br>-Harga Kompetitif:** Kami percaya pertanian maju haruslah terjangkau. Dapatkan produk berkualitas tinggi dengan harga yang bersahabat di Maju Tani. <br>- Kunjungi Toko Kami:** Segera kunjungi Maju Tani di [Alamat]. Temukan bagaimana kami dapat membantu pertanian Anda berkembang melalui produk dan layanan unggulan kami.<br><br>Maju Tani - Menuju Pertanian yang Lebih Modern, Efisien, dan Sukses!', 18),
(155, 4, 5, 5, 'Dobelmectin 250 ml', 90000, 'dobelmectin.jpg', 'Selamat Datang di Maju Tani - Solusi Lengkap untuk Pertanian Modern<br><br>Maju Tani hadir sebagai mitra terbaik petani yang mengutamakan teknologi dan inovasi dalam setiap langkah pertanian. Temukan keunggulan kami:<br><br>- Alat Tani Terkini:  Dari teknologi canggih hingga alat klasik yang terbukti, Maju Tani menyediakan koleksi alat tani lengkap untuk mendukung produktivitas dan efisiensi pertanian Anda. <br>-Pupuk Premium:** Pilih dari rangkaian pupuk premium kami, dirancang untuk meningkatkan kualitas tanah dan hasil panen. Berkolaborasi dengan merek-merek terkemuka untuk pertumbuhan tanaman yang optimal. <br>-Teknologi Pertanian:** Gaya pertanian modern dengan teknologi terbaru. Dari irigasi otomatis hingga sensor tanah cerdas, Maju Tani menghadirkan solusi untuk membawa pertanian Anda ke level berikutnya. <br>-Harga Kompetitif:** Kami percaya pertanian maju haruslah terjangkau. Dapatkan produk berkualitas tinggi dengan harga yang bersahabat di Maju Tani. <br>- Kunjungi Toko Kami:** Segera kunjungi Maju Tani di [Alamat]. Temukan bagaimana kami dapat membantu pertanian Anda berkembang melalui produk dan layanan unggulan kami.<br><br>Maju Tani - Menuju Pertanian yang Lebih Modern, Efisien, dan Sukses!', 15),
(156, 4, 5, 5, 'Avjunsu 250ml', 60000, 'avjunsu.jpg', 'Selamat Datang di Maju Tani - Solusi Lengkap untuk Pertanian Modern<br><br>Maju Tani hadir sebagai mitra terbaik petani yang mengutamakan teknologi dan inovasi dalam setiap langkah pertanian. Temukan keunggulan kami:<br><br>- Alat Tani Terkini:  Dari teknologi canggih hingga alat klasik yang terbukti, Maju Tani menyediakan koleksi alat tani lengkap untuk mendukung produktivitas dan efisiensi pertanian Anda. <br>-Pupuk Premium:** Pilih dari rangkaian pupuk premium kami, dirancang untuk meningkatkan kualitas tanah dan hasil panen. Berkolaborasi dengan merek-merek terkemuka untuk pertumbuhan tanaman yang optimal. <br>-Teknologi Pertanian:** Gaya pertanian modern dengan teknologi terbaru. Dari irigasi otomatis hingga sensor tanah cerdas, Maju Tani menghadirkan solusi untuk membawa pertanian Anda ke level berikutnya. <br>-Harga Kompetitif:** Kami percaya pertanian maju haruslah terjangkau. Dapatkan produk berkualitas tinggi dengan harga yang bersahabat di Maju Tani. <br>- Kunjungi Toko Kami:** Segera kunjungi Maju Tani di [Alamat]. Temukan bagaimana kami dapat membantu pertanian Anda berkembang melalui produk dan layanan unggulan kami.<br><br>Maju Tani - Menuju Pertanian yang Lebih Modern, Efisien, dan Sukses!', 16),
(157, 4, 5, 5, 'avjunsu 1 L', 235000, 'avjunsu.jpg', 'Selamat Datang di Maju Tani - Solusi Lengkap untuk Pertanian Modern<br><br>Maju Tani hadir sebagai mitra terbaik petani yang mengutamakan teknologi dan inovasi dalam setiap langkah pertanian. Temukan keunggulan kami:<br><br>- Alat Tani Terkini:  Dari teknologi canggih hingga alat klasik yang terbukti, Maju Tani menyediakan koleksi alat tani lengkap untuk mendukung produktivitas dan efisiensi pertanian Anda. <br>-Pupuk Premium:** Pilih dari rangkaian pupuk premium kami, dirancang untuk meningkatkan kualitas tanah dan hasil panen. Berkolaborasi dengan merek-merek terkemuka untuk pertumbuhan tanaman yang optimal. <br>-Teknologi Pertanian:** Gaya pertanian modern dengan teknologi terbaru. Dari irigasi otomatis hingga sensor tanah cerdas, Maju Tani menghadirkan solusi untuk membawa pertanian Anda ke level berikutnya. <br>-Harga Kompetitif:** Kami percaya pertanian maju haruslah terjangkau. Dapatkan produk berkualitas tinggi dengan harga yang bersahabat di Maju Tani. <br>- Kunjungi Toko Kami:** Segera kunjungi Maju Tani di [Alamat]. Temukan bagaimana kami dapat membantu pertanian Anda berkembang melalui produk dan layanan unggulan kami.<br><br>Maju Tani - Menuju Pertanian yang Lebih Modern, Efisien, dan Sukses!', 18),
(158, 4, 5, 5, 'Abacel 100 ml', 35000, 'abacel.jpg', 'Selamat Datang di Maju Tani - Solusi Lengkap untuk Pertanian Modern<br><br>Maju Tani hadir sebagai mitra terbaik petani yang mengutamakan teknologi dan inovasi dalam setiap langkah pertanian. Temukan keunggulan kami:<br><br>- Alat Tani Terkini:  Dari teknologi canggih hingga alat klasik yang terbukti, Maju Tani menyediakan koleksi alat tani lengkap untuk mendukung produktivitas dan efisiensi pertanian Anda. <br>-Pupuk Premium:** Pilih dari rangkaian pupuk premium kami, dirancang untuk meningkatkan kualitas tanah dan hasil panen. Berkolaborasi dengan merek-merek terkemuka untuk pertumbuhan tanaman yang optimal. <br>-Teknologi Pertanian:** Gaya pertanian modern dengan teknologi terbaru. Dari irigasi otomatis hingga sensor tanah cerdas, Maju Tani menghadirkan solusi untuk membawa pertanian Anda ke level berikutnya. <br>-Harga Kompetitif:** Kami percaya pertanian maju haruslah terjangkau. Dapatkan produk berkualitas tinggi dengan harga yang bersahabat di Maju Tani. <br>- Kunjungi Toko Kami:** Segera kunjungi Maju Tani di [Alamat]. Temukan bagaimana kami dapat membantu pertanian Anda berkembang melalui produk dan layanan unggulan kami.<br><br>Maju Tani - Menuju Pertanian yang Lebih Modern, Efisien, dan Sukses!', 18),
(159, 4, 5, 5, 'Abacel 250 ml', 70000, 'abacel500ml.jpg', 'Selamat Datang di Maju Tani - Solusi Lengkap untuk Pertanian Modern<br><br>Maju Tani hadir sebagai mitra terbaik petani yang mengutamakan teknologi dan inovasi dalam setiap langkah pertanian. Temukan keunggulan kami:<br><br>- Alat Tani Terkini:  Dari teknologi canggih hingga alat klasik yang terbukti, Maju Tani menyediakan koleksi alat tani lengkap untuk mendukung produktivitas dan efisiensi pertanian Anda. <br>-Pupuk Premium:** Pilih dari rangkaian pupuk premium kami, dirancang untuk meningkatkan kualitas tanah dan hasil panen. Berkolaborasi dengan merek-merek terkemuka untuk pertumbuhan tanaman yang optimal. <br>-Teknologi Pertanian:** Gaya pertanian modern dengan teknologi terbaru. Dari irigasi otomatis hingga sensor tanah cerdas, Maju Tani menghadirkan solusi untuk membawa pertanian Anda ke level berikutnya. <br>-Harga Kompetitif:** Kami percaya pertanian maju haruslah terjangkau. Dapatkan produk berkualitas tinggi dengan harga yang bersahabat di Maju Tani. <br>- Kunjungi Toko Kami:** Segera kunjungi Maju Tani di [Alamat]. Temukan bagaimana kami dapat membantu pertanian Anda berkembang melalui produk dan layanan unggulan kami.<br><br>Maju Tani - Menuju Pertanian yang Lebih Modern, Efisien, dan Sukses!', 20),
(160, 4, 5, 5, 'Abacel 500 ml', 100000, 'abacel500ml.jpg', 'Selamat Datang di Maju Tani - Solusi Lengkap untuk Pertanian Modern<br><br>Maju Tani hadir sebagai mitra terbaik petani yang mengutamakan teknologi dan inovasi dalam setiap langkah pertanian. Temukan keunggulan kami:<br><br>- Alat Tani Terkini:  Dari teknologi canggih hingga alat klasik yang terbukti, Maju Tani menyediakan koleksi alat tani lengkap untuk mendukung produktivitas dan efisiensi pertanian Anda. <br>-Pupuk Premium:** Pilih dari rangkaian pupuk premium kami, dirancang untuk meningkatkan kualitas tanah dan hasil panen. Berkolaborasi dengan merek-merek terkemuka untuk pertumbuhan tanaman yang optimal. <br>-Teknologi Pertanian:** Gaya pertanian modern dengan teknologi terbaru. Dari irigasi otomatis hingga sensor tanah cerdas, Maju Tani menghadirkan solusi untuk membawa pertanian Anda ke level berikutnya. <br>-Harga Kompetitif:** Kami percaya pertanian maju haruslah terjangkau. Dapatkan produk berkualitas tinggi dengan harga yang bersahabat di Maju Tani. <br>- Kunjungi Toko Kami:** Segera kunjungi Maju Tani di [Alamat]. Temukan bagaimana kami dapat membantu pertanian Anda berkembang melalui produk dan layanan unggulan kami.<br><br>Maju Tani - Menuju Pertanian yang Lebih Modern, Efisien, dan Sukses!', 18),
(161, 1, 5, 5, 'Hand Sprayer 2 Liter', 40000, 'semprotan.jpg', 'Selamat Datang di Maju Tani - Solusi Lengkap untuk Pertanian Modern<br><br>Maju Tani hadir sebagai mitra terbaik petani yang mengutamakan teknologi dan inovasi dalam setiap langkah pertanian. Temukan keunggulan kami:<br><br>- Alat Tani Terkini:  Dari teknologi canggih hingga alat klasik yang terbukti, Maju Tani menyediakan koleksi alat tani lengkap untuk mendukung produktivitas dan efisiensi pertanian Anda. <br>-Pupuk Premium:** Pilih dari rangkaian pupuk premium kami, dirancang untuk meningkatkan kualitas tanah dan hasil panen. Berkolaborasi dengan merek-merek terkemuka untuk pertumbuhan tanaman yang optimal. <br>-Teknologi Pertanian:** Gaya pertanian modern dengan teknologi terbaru. Dari irigasi otomatis hingga sensor tanah cerdas, Maju Tani menghadirkan solusi untuk membawa pertanian Anda ke level berikutnya. <br>-Harga Kompetitif:** Kami percaya pertanian maju haruslah terjangkau. Dapatkan produk berkualitas tinggi dengan harga yang bersahabat di Maju Tani. <br>- Kunjungi Toko Kami:** Segera kunjungi Maju Tani di [Alamat]. Temukan bagaimana kami dapat membantu pertanian Anda berkembang melalui produk dan layanan unggulan kami.<br><br>Maju Tani - Menuju Pertanian yang Lebih Modern, Efisien, dan Sukses!', 17),
(162, 4, 5, 5, 'Curacron 500 ml', 36000, 'curacron.jpg', 'Selamat Datang di Maju Tani - Solusi Lengkap untuk Pertanian Modern<br><br>Maju Tani hadir sebagai mitra terbaik petani yang mengutamakan teknologi dan inovasi dalam setiap langkah pertanian. Temukan keunggulan kami:<br><br>- Alat Tani Terkini:  Dari teknologi canggih hingga alat klasik yang terbukti, Maju Tani menyediakan koleksi alat tani lengkap untuk mendukung produktivitas dan efisiensi pertanian Anda. <br>-Pupuk Premium:** Pilih dari rangkaian pupuk premium kami, dirancang untuk meningkatkan kualitas tanah dan hasil panen. Berkolaborasi dengan merek-merek terkemuka untuk pertumbuhan tanaman yang optimal. <br>-Teknologi Pertanian:** Gaya pertanian modern dengan teknologi terbaru. Dari irigasi otomatis hingga sensor tanah cerdas, Maju Tani menghadirkan solusi untuk membawa pertanian Anda ke level berikutnya. <br>-Harga Kompetitif:** Kami percaya pertanian maju haruslah terjangkau. Dapatkan produk berkualitas tinggi dengan harga yang bersahabat di Maju Tani. <br>- Kunjungi Toko Kami:** Segera kunjungi Maju Tani di [Alamat]. Temukan bagaimana kami dapat membantu pertanian Anda berkembang melalui produk dan layanan unggulan kami.<br><br>Maju Tani - Menuju Pertanian yang Lebih Modern, Efisien, dan Sukses!', 15),
(163, 4, 5, 5, 'Indocron 500 EC 250 ml', 57000, 'indocron.jpg', 'Selamat Datang di Maju Tani - Solusi Lengkap untuk Pertanian Modern<br><br>Maju Tani hadir sebagai mitra terbaik petani yang mengutamakan teknologi dan inovasi dalam setiap langkah pertanian. Temukan keunggulan kami:<br><br>- Alat Tani Terkini:  Dari teknologi canggih hingga alat klasik yang terbukti, Maju Tani menyediakan koleksi alat tani lengkap untuk mendukung produktivitas dan efisiensi pertanian Anda. <br>-Pupuk Premium:** Pilih dari rangkaian pupuk premium kami, dirancang untuk meningkatkan kualitas tanah dan hasil panen. Berkolaborasi dengan merek-merek terkemuka untuk pertumbuhan tanaman yang optimal. <br>-Teknologi Pertanian:** Gaya pertanian modern dengan teknologi terbaru. Dari irigasi otomatis hingga sensor tanah cerdas, Maju Tani menghadirkan solusi untuk membawa pertanian Anda ke level berikutnya. <br>-Harga Kompetitif:** Kami percaya pertanian maju haruslah terjangkau. Dapatkan produk berkualitas tinggi dengan harga yang bersahabat di Maju Tani. <br>- Kunjungi Toko Kami:** Segera kunjungi Maju Tani di [Alamat]. Temukan bagaimana kami dapat membantu pertanian Anda berkembang melalui produk dan layanan unggulan kami.<br><br>Maju Tani - Menuju Pertanian yang Lebih Modern, Efisien, dan Sukses!', 20),
(164, 4, 5, 5, 'VitaronSL', 95000, 'vitaronsl.jpg', 'Selamat Datang di Maju Tani - Solusi Lengkap untuk Pertanian Modern<br><br>Maju Tani hadir sebagai mitra terbaik petani yang mengutamakan teknologi dan inovasi dalam setiap langkah pertanian. Temukan keunggulan kami:<br><br>- Alat Tani Terkini:  Dari teknologi canggih hingga alat klasik yang terbukti, Maju Tani menyediakan koleksi alat tani lengkap untuk mendukung produktivitas dan efisiensi pertanian Anda. <br>-Pupuk Premium:** Pilih dari rangkaian pupuk premium kami, dirancang untuk meningkatkan kualitas tanah dan hasil panen. Berkolaborasi dengan merek-merek terkemuka untuk pertumbuhan tanaman yang optimal. <br>-Teknologi Pertanian:** Gaya pertanian modern dengan teknologi terbaru. Dari irigasi otomatis hingga sensor tanah cerdas, Maju Tani menghadirkan solusi untuk membawa pertanian Anda ke level berikutnya. <br>-Harga Kompetitif:** Kami percaya pertanian maju haruslah terjangkau. Dapatkan produk berkualitas tinggi dengan harga yang bersahabat di Maju Tani. <br>- Kunjungi Toko Kami:** Segera kunjungi Maju Tani di [Alamat]. Temukan bagaimana kami dapat membantu pertanian Anda berkembang melalui produk dan layanan unggulan kami.<br><br>Maju Tani - Menuju Pertanian yang Lebih Modern, Efisien, dan Sukses!', 15),
(165, 4, 5, 5, 'Toxiput 5 GR', 30000, 'toxiput.jpg', 'Selamat Datang di Maju Tani - Solusi Lengkap untuk Pertanian Modern<br><br>Maju Tani hadir sebagai mitra terbaik petani yang mengutamakan teknologi dan inovasi dalam setiap langkah pertanian. Temukan keunggulan kami:<br><br>- Alat Tani Terkini:  Dari teknologi canggih hingga alat klasik yang terbukti, Maju Tani menyediakan koleksi alat tani lengkap untuk mendukung produktivitas dan efisiensi pertanian Anda. <br>-Pupuk Premium:** Pilih dari rangkaian pupuk premium kami, dirancang untuk meningkatkan kualitas tanah dan hasil panen. Berkolaborasi dengan merek-merek terkemuka untuk pertumbuhan tanaman yang optimal. <br>-Teknologi Pertanian:** Gaya pertanian modern dengan teknologi terbaru. Dari irigasi otomatis hingga sensor tanah cerdas, Maju Tani menghadirkan solusi untuk membawa pertanian Anda ke level berikutnya. <br>-Harga Kompetitif:** Kami percaya pertanian maju haruslah terjangkau. Dapatkan produk berkualitas tinggi dengan harga yang bersahabat di Maju Tani. <br>- Kunjungi Toko Kami:** Segera kunjungi Maju Tani di [Alamat]. Temukan bagaimana kami dapat membantu pertanian Anda berkembang melalui produk dan layanan unggulan kami.<br><br>Maju Tani - Menuju Pertanian yang Lebih Modern, Efisien, dan Sukses!', 16);
INSERT INTO `produk` (`id`, `kategori_id`, `toko_id`, `user_id`, `nama`, `harga`, `foto`, `detail`, `stok`) VALUES
(166, 3, 5, 5, 'KNO3 Merah 2 kg', 60000, 'kno3merah.jpg', 'Selamat Datang di Maju Tani - Solusi Lengkap untuk Pertanian Modern<br><br>Maju Tani hadir sebagai mitra terbaik petani yang mengutamakan teknologi dan inovasi dalam setiap langkah pertanian. Temukan keunggulan kami:<br><br>- Alat Tani Terkini:  Dari teknologi canggih hingga alat klasik yang terbukti, Maju Tani menyediakan koleksi alat tani lengkap untuk mendukung produktivitas dan efisiensi pertanian Anda. <br>-Pupuk Premium:** Pilih dari rangkaian pupuk premium kami, dirancang untuk meningkatkan kualitas tanah dan hasil panen. Berkolaborasi dengan merek-merek terkemuka untuk pertumbuhan tanaman yang optimal. <br>-Teknologi Pertanian:** Gaya pertanian modern dengan teknologi terbaru. Dari irigasi otomatis hingga sensor tanah cerdas, Maju Tani menghadirkan solusi untuk membawa pertanian Anda ke level berikutnya. <br>-Harga Kompetitif:** Kami percaya pertanian maju haruslah terjangkau. Dapatkan produk berkualitas tinggi dengan harga yang bersahabat di Maju Tani. <br>- Kunjungi Toko Kami:** Segera kunjungi Maju Tani di [Alamat]. Temukan bagaimana kami dapat membantu pertanian Anda berkembang melalui produk dan layanan unggulan kami.<br><br>Maju Tani - Menuju Pertanian yang Lebih Modern, Efisien, dan Sukses!', 17),
(167, 3, 5, 5, 'Kno3 Putih 1 Kg', 37000, 'kno3putih.jpg', 'Selamat Datang di Maju Tani - Solusi Lengkap untuk Pertanian Modern<br><br>Maju Tani hadir sebagai mitra terbaik petani yang mengutamakan teknologi dan inovasi dalam setiap langkah pertanian. Temukan keunggulan kami:<br><br>- Alat Tani Terkini:  Dari teknologi canggih hingga alat klasik yang terbukti, Maju Tani menyediakan koleksi alat tani lengkap untuk mendukung produktivitas dan efisiensi pertanian Anda. <br>-Pupuk Premium:** Pilih dari rangkaian pupuk premium kami, dirancang untuk meningkatkan kualitas tanah dan hasil panen. Berkolaborasi dengan merek-merek terkemuka untuk pertumbuhan tanaman yang optimal. <br>-Teknologi Pertanian:** Gaya pertanian modern dengan teknologi terbaru. Dari irigasi otomatis hingga sensor tanah cerdas, Maju Tani menghadirkan solusi untuk membawa pertanian Anda ke level berikutnya. <br>-Harga Kompetitif:** Kami percaya pertanian maju haruslah terjangkau. Dapatkan produk berkualitas tinggi dengan harga yang bersahabat di Maju Tani. <br>- Kunjungi Toko Kami:** Segera kunjungi Maju Tani di [Alamat]. Temukan bagaimana kami dapat membantu pertanian Anda berkembang melalui produk dan layanan unggulan kami.<br><br>Maju Tani - Menuju Pertanian yang Lebih Modern, Efisien, dan Sukses!', 16),
(168, 3, 5, 5, 'Ultradap 1 kg', 52000, 'ultradap.jpg', 'Selamat Datang di Maju Tani - Solusi Lengkap untuk Pertanian Modern<br><br>Maju Tani hadir sebagai mitra terbaik petani yang mengutamakan teknologi dan inovasi dalam setiap langkah pertanian. Temukan keunggulan kami:<br><br>- Alat Tani Terkini:  Dari teknologi canggih hingga alat klasik yang terbukti, Maju Tani menyediakan koleksi alat tani lengkap untuk mendukung produktivitas dan efisiensi pertanian Anda. <br>-Pupuk Premium:** Pilih dari rangkaian pupuk premium kami, dirancang untuk meningkatkan kualitas tanah dan hasil panen. Berkolaborasi dengan merek-merek terkemuka untuk pertumbuhan tanaman yang optimal. <br>-Teknologi Pertanian:** Gaya pertanian modern dengan teknologi terbaru. Dari irigasi otomatis hingga sensor tanah cerdas, Maju Tani menghadirkan solusi untuk membawa pertanian Anda ke level berikutnya. <br>-Harga Kompetitif:** Kami percaya pertanian maju haruslah terjangkau. Dapatkan produk berkualitas tinggi dengan harga yang bersahabat di Maju Tani. <br>- Kunjungi Toko Kami:** Segera kunjungi Maju Tani di [Alamat]. Temukan bagaimana kami dapat membantu pertanian Anda berkembang melalui produk dan layanan unggulan kami.<br><br>Maju Tani - Menuju Pertanian yang Lebih Modern, Efisien, dan Sukses!', 15),
(169, 3, 5, 5, 'Mkp 1 Kg', 63000, 'mkp.jpg', 'Selamat Datang di Maju Tani - Solusi Lengkap untuk Pertanian Modern<br><br>Maju Tani hadir sebagai mitra terbaik petani yang mengutamakan teknologi dan inovasi dalam setiap langkah pertanian. Temukan keunggulan kami:<br><br>- Alat Tani Terkini:  Dari teknologi canggih hingga alat klasik yang terbukti, Maju Tani menyediakan koleksi alat tani lengkap untuk mendukung produktivitas dan efisiensi pertanian Anda. <br>-Pupuk Premium:** Pilih dari rangkaian pupuk premium kami, dirancang untuk meningkatkan kualitas tanah dan hasil panen. Berkolaborasi dengan merek-merek terkemuka untuk pertumbuhan tanaman yang optimal. <br>-Teknologi Pertanian:** Gaya pertanian modern dengan teknologi terbaru. Dari irigasi otomatis hingga sensor tanah cerdas, Maju Tani menghadirkan solusi untuk membawa pertanian Anda ke level berikutnya. <br>-Harga Kompetitif:** Kami percaya pertanian maju haruslah terjangkau. Dapatkan produk berkualitas tinggi dengan harga yang bersahabat di Maju Tani. <br>- Kunjungi Toko Kami:** Segera kunjungi Maju Tani di [Alamat]. Temukan bagaimana kami dapat membantu pertanian Anda berkembang melalui produk dan layanan unggulan kami.<br><br>Maju Tani - Menuju Pertanian yang Lebih Modern, Efisien, dan Sukses!', 19),
(170, 3, 5, 5, 'MerokeSop', 26000, 'merokek.jpg', 'Selamat Datang di Maju Tani - Solusi Lengkap untuk Pertanian Modern<br><br>Maju Tani hadir sebagai mitra terbaik petani yang mengutamakan teknologi dan inovasi dalam setiap langkah pertanian. Temukan keunggulan kami:<br><br>- Alat Tani Terkini:  Dari teknologi canggih hingga alat klasik yang terbukti, Maju Tani menyediakan koleksi alat tani lengkap untuk mendukung produktivitas dan efisiensi pertanian Anda. <br>-Pupuk Premium:** Pilih dari rangkaian pupuk premium kami, dirancang untuk meningkatkan kualitas tanah dan hasil panen. Berkolaborasi dengan merek-merek terkemuka untuk pertumbuhan tanaman yang optimal. <br>-Teknologi Pertanian:** Gaya pertanian modern dengan teknologi terbaru. Dari irigasi otomatis hingga sensor tanah cerdas, Maju Tani menghadirkan solusi untuk membawa pertanian Anda ke level berikutnya. <br>-Harga Kompetitif:** Kami percaya pertanian maju haruslah terjangkau. Dapatkan produk berkualitas tinggi dengan harga yang bersahabat di Maju Tani. <br>- Kunjungi Toko Kami:** Segera kunjungi Maju Tani di [Alamat]. Temukan bagaimana kami dapat membantu pertanian Anda berkembang melalui produk dan layanan unggulan kami.<br><br>Maju Tani - Menuju Pertanian yang Lebih Modern, Efisien, dan Sukses!', 16),
(171, 3, 5, 5, 'Power Soil 1 Kg', 70000, 'kover.jpeg', 'Selamat Datang di Maju Tani - Solusi Lengkap untuk Pertanian Modern<br><br>Maju Tani hadir sebagai mitra terbaik petani yang mengutamakan teknologi dan inovasi dalam setiap langkah pertanian. Temukan keunggulan kami:<br><br>- Alat Tani Terkini:  Dari teknologi canggih hingga alat klasik yang terbukti, Maju Tani menyediakan koleksi alat tani lengkap untuk mendukung produktivitas dan efisiensi pertanian Anda. <br>-Pupuk Premium:** Pilih dari rangkaian pupuk premium kami, dirancang untuk meningkatkan kualitas tanah dan hasil panen. Berkolaborasi dengan merek-merek terkemuka untuk pertumbuhan tanaman yang optimal. <br>-Teknologi Pertanian:** Gaya pertanian modern dengan teknologi terbaru. Dari irigasi otomatis hingga sensor tanah cerdas, Maju Tani menghadirkan solusi untuk membawa pertanian Anda ke level berikutnya. <br>-Harga Kompetitif:** Kami percaya pertanian maju haruslah terjangkau. Dapatkan produk berkualitas tinggi dengan harga yang bersahabat di Maju Tani. <br>- Kunjungi Toko Kami:** Segera kunjungi Maju Tani di [Alamat]. Temukan bagaimana kami dapat membantu pertanian Anda berkembang melalui produk dan layanan unggulan kami.<br><br>Maju Tani - Menuju Pertanian yang Lebih Modern, Efisien, dan Sukses!', 20),
(172, 3, 5, 5, 'Golden Humic 1 L', 75000, 'goldenhumic.jpg', 'Selamat Datang di Maju Tani - Solusi Lengkap untuk Pertanian Modern<br><br>Maju Tani hadir sebagai mitra terbaik petani yang mengutamakan teknologi dan inovasi dalam setiap langkah pertanian. Temukan keunggulan kami:<br><br>- Alat Tani Terkini:  Dari teknologi canggih hingga alat klasik yang terbukti, Maju Tani menyediakan koleksi alat tani lengkap untuk mendukung produktivitas dan efisiensi pertanian Anda. <br>-Pupuk Premium:** Pilih dari rangkaian pupuk premium kami, dirancang untuk meningkatkan kualitas tanah dan hasil panen. Berkolaborasi dengan merek-merek terkemuka untuk pertumbuhan tanaman yang optimal. <br>-Teknologi Pertanian:** Gaya pertanian modern dengan teknologi terbaru. Dari irigasi otomatis hingga sensor tanah cerdas, Maju Tani menghadirkan solusi untuk membawa pertanian Anda ke level berikutnya. <br>-Harga Kompetitif:** Kami percaya pertanian maju haruslah terjangkau. Dapatkan produk berkualitas tinggi dengan harga yang bersahabat di Maju Tani. <br>- Kunjungi Toko Kami:** Segera kunjungi Maju Tani di [Alamat]. Temukan bagaimana kami dapat membantu pertanian Anda berkembang melalui produk dan layanan unggulan kami.<br><br>Maju Tani - Menuju Pertanian yang Lebih Modern, Efisien, dan Sukses!', 17),
(173, 4, 5, 5, 'King Robot', 30000, 'kingrobot.jpg', 'Selamat Datang di Maju Tani - Solusi Lengkap untuk Pertanian Modern<br><br>Maju Tani hadir sebagai mitra terbaik petani yang mengutamakan teknologi dan inovasi dalam setiap langkah pertanian. Temukan keunggulan kami:<br><br>- Alat Tani Terkini:  Dari teknologi canggih hingga alat klasik yang terbukti, Maju Tani menyediakan koleksi alat tani lengkap untuk mendukung produktivitas dan efisiensi pertanian Anda. <br>-Pupuk Premium:** Pilih dari rangkaian pupuk premium kami, dirancang untuk meningkatkan kualitas tanah dan hasil panen. Berkolaborasi dengan merek-merek terkemuka untuk pertumbuhan tanaman yang optimal. <br>-Teknologi Pertanian:** Gaya pertanian modern dengan teknologi terbaru. Dari irigasi otomatis hingga sensor tanah cerdas, Maju Tani menghadirkan solusi untuk membawa pertanian Anda ke level berikutnya. <br>-Harga Kompetitif:** Kami percaya pertanian maju haruslah terjangkau. Dapatkan produk berkualitas tinggi dengan harga yang bersahabat di Maju Tani. <br>- Kunjungi Toko Kami:** Segera kunjungi Maju Tani di [Alamat]. Temukan bagaimana kami dapat membantu pertanian Anda berkembang melalui produk dan layanan unggulan kami.<br><br>Maju Tani - Menuju Pertanian yang Lebih Modern, Efisien, dan Sukses!', 16),
(174, 4, 5, 5, 'Noscrop 100 ml', 65000, 'noscrop.jpg', 'Selamat Datang di Maju Tani - Solusi Lengkap untuk Pertanian Modern<br><br>Maju Tani hadir sebagai mitra terbaik petani yang mengutamakan teknologi dan inovasi dalam setiap langkah pertanian. Temukan keunggulan kami:<br><br>- Alat Tani Terkini:  Dari teknologi canggih hingga alat klasik yang terbukti, Maju Tani menyediakan koleksi alat tani lengkap untuk mendukung produktivitas dan efisiensi pertanian Anda. <br>-Pupuk Premium:** Pilih dari rangkaian pupuk premium kami, dirancang untuk meningkatkan kualitas tanah dan hasil panen. Berkolaborasi dengan merek-merek terkemuka untuk pertumbuhan tanaman yang optimal. <br>-Teknologi Pertanian:** Gaya pertanian modern dengan teknologi terbaru. Dari irigasi otomatis hingga sensor tanah cerdas, Maju Tani menghadirkan solusi untuk membawa pertanian Anda ke level berikutnya. <br>-Harga Kompetitif:** Kami percaya pertanian maju haruslah terjangkau. Dapatkan produk berkualitas tinggi dengan harga yang bersahabat di Maju Tani. <br>- Kunjungi Toko Kami:** Segera kunjungi Maju Tani di [Alamat]. Temukan bagaimana kami dapat membantu pertanian Anda berkembang melalui produk dan layanan unggulan kami.<br><br>Maju Tani - Menuju Pertanian yang Lebih Modern, Efisien, dan Sukses!', 16),
(175, 4, 5, 5, 'Noscrop 250 ml', 120000, 'noscropp.jpg', 'Selamat Datang di Maju Tani - Solusi Lengkap untuk Pertanian Modern<br><br>Maju Tani hadir sebagai mitra terbaik petani yang mengutamakan teknologi dan inovasi dalam setiap langkah pertanian. Temukan keunggulan kami:<br><br>- Alat Tani Terkini:  Dari teknologi canggih hingga alat klasik yang terbukti, Maju Tani menyediakan koleksi alat tani lengkap untuk mendukung produktivitas dan efisiensi pertanian Anda. <br>-Pupuk Premium:** Pilih dari rangkaian pupuk premium kami, dirancang untuk meningkatkan kualitas tanah dan hasil panen. Berkolaborasi dengan merek-merek terkemuka untuk pertumbuhan tanaman yang optimal. <br>-Teknologi Pertanian:** Gaya pertanian modern dengan teknologi terbaru. Dari irigasi otomatis hingga sensor tanah cerdas, Maju Tani menghadirkan solusi untuk membawa pertanian Anda ke level berikutnya. <br>-Harga Kompetitif:** Kami percaya pertanian maju haruslah terjangkau. Dapatkan produk berkualitas tinggi dengan harga yang bersahabat di Maju Tani. <br>- Kunjungi Toko Kami:** Segera kunjungi Maju Tani di [Alamat]. Temukan bagaimana kami dapat membantu pertanian Anda berkembang melalui produk dan layanan unggulan kami.<br><br>Maju Tani - Menuju Pertanian yang Lebih Modern, Efisien, dan Sukses!', 18),
(176, 4, 5, 5, 'Pure K', 64000, 'purek.jpg', 'Selamat Datang di Maju Tani - Solusi Lengkap untuk Pertanian Modern<br><br>Maju Tani hadir sebagai mitra terbaik petani yang mengutamakan teknologi dan inovasi dalam setiap langkah pertanian. Temukan keunggulan kami:<br><br>- Alat Tani Terkini:  Dari teknologi canggih hingga alat klasik yang terbukti, Maju Tani menyediakan koleksi alat tani lengkap untuk mendukung produktivitas dan efisiensi pertanian Anda. <br>-Pupuk Premium:** Pilih dari rangkaian pupuk premium kami, dirancang untuk meningkatkan kualitas tanah dan hasil panen. Berkolaborasi dengan merek-merek terkemuka untuk pertumbuhan tanaman yang optimal. <br>-Teknologi Pertanian:** Gaya pertanian modern dengan teknologi terbaru. Dari irigasi otomatis hingga sensor tanah cerdas, Maju Tani menghadirkan solusi untuk membawa pertanian Anda ke level berikutnya. <br>-Harga Kompetitif:** Kami percaya pertanian maju haruslah terjangkau. Dapatkan produk berkualitas tinggi dengan harga yang bersahabat di Maju Tani. <br>- Kunjungi Toko Kami:** Segera kunjungi Maju Tani di [Alamat]. Temukan bagaimana kami dapat membantu pertanian Anda berkembang melalui produk dan layanan unggulan kami.<br><br>Maju Tani - Menuju Pertanian yang Lebih Modern, Efisien, dan Sukses!', 16),
(177, 3, 5, 5, 'Cano f80', 180000, 'canof80.jpg', 'Selamat Datang di Maju Tani - Solusi Lengkap untuk Pertanian Modern<br><br>Maju Tani hadir sebagai mitra terbaik petani yang mengutamakan teknologi dan inovasi dalam setiap langkah pertanian. Temukan keunggulan kami:<br><br>- Alat Tani Terkini:  Dari teknologi canggih hingga alat klasik yang terbukti, Maju Tani menyediakan koleksi alat tani lengkap untuk mendukung produktivitas dan efisiensi pertanian Anda. <br>-Pupuk Premium:** Pilih dari rangkaian pupuk premium kami, dirancang untuk meningkatkan kualitas tanah dan hasil panen. Berkolaborasi dengan merek-merek terkemuka untuk pertumbuhan tanaman yang optimal. <br>-Teknologi Pertanian:** Gaya pertanian modern dengan teknologi terbaru. Dari irigasi otomatis hingga sensor tanah cerdas, Maju Tani menghadirkan solusi untuk membawa pertanian Anda ke level berikutnya. <br>-Harga Kompetitif:** Kami percaya pertanian maju haruslah terjangkau. Dapatkan produk berkualitas tinggi dengan harga yang bersahabat di Maju Tani. <br>- Kunjungi Toko Kami:** Segera kunjungi Maju Tani di [Alamat]. Temukan bagaimana kami dapat membantu pertanian Anda berkembang melalui produk dan layanan unggulan kami.<br><br>Maju Tani - Menuju Pertanian yang Lebih Modern, Efisien, dan Sukses!', 17),
(178, 2, 5, 5, 'Talenta', 87000, 'talenta.jpg', 'Selamat Datang di Maju Tani - Solusi Lengkap untuk Pertanian Modern<br><br>Maju Tani hadir sebagai mitra terbaik petani yang mengutamakan teknologi dan inovasi dalam setiap langkah pertanian. Temukan keunggulan kami:<br><br>- Alat Tani Terkini:  Dari teknologi canggih hingga alat klasik yang terbukti, Maju Tani menyediakan koleksi alat tani lengkap untuk mendukung produktivitas dan efisiensi pertanian Anda. <br>-Pupuk Premium:** Pilih dari rangkaian pupuk premium kami, dirancang untuk meningkatkan kualitas tanah dan hasil panen. Berkolaborasi dengan merek-merek terkemuka untuk pertumbuhan tanaman yang optimal. <br>-Teknologi Pertanian:** Gaya pertanian modern dengan teknologi terbaru. Dari irigasi otomatis hingga sensor tanah cerdas, Maju Tani menghadirkan solusi untuk membawa pertanian Anda ke level berikutnya. <br>-Harga Kompetitif:** Kami percaya pertanian maju haruslah terjangkau. Dapatkan produk berkualitas tinggi dengan harga yang bersahabat di Maju Tani. <br>- Kunjungi Toko Kami:** Segera kunjungi Maju Tani di [Alamat]. Temukan bagaimana kami dapat membantu pertanian Anda berkembang melalui produk dan layanan unggulan kami.<br><br>Maju Tani - Menuju Pertanian yang Lebih Modern, Efisien, dan Sukses!', 19),
(179, 2, 5, 5, 'Rajawali', 17000, 'rajawali.jpg', 'Selamat Datang di Maju Tani - Solusi Lengkap untuk Pertanian Modern<br><br>Maju Tani hadir sebagai mitra terbaik petani yang mengutamakan teknologi dan inovasi dalam setiap langkah pertanian. Temukan keunggulan kami:<br><br>- Alat Tani Terkini:  Dari teknologi canggih hingga alat klasik yang terbukti, Maju Tani menyediakan koleksi alat tani lengkap untuk mendukung produktivitas dan efisiensi pertanian Anda. <br>-Pupuk Premium:** Pilih dari rangkaian pupuk premium kami, dirancang untuk meningkatkan kualitas tanah dan hasil panen. Berkolaborasi dengan merek-merek terkemuka untuk pertumbuhan tanaman yang optimal. <br>-Teknologi Pertanian:** Gaya pertanian modern dengan teknologi terbaru. Dari irigasi otomatis hingga sensor tanah cerdas, Maju Tani menghadirkan solusi untuk membawa pertanian Anda ke level berikutnya. <br>-Harga Kompetitif:** Kami percaya pertanian maju haruslah terjangkau. Dapatkan produk berkualitas tinggi dengan harga yang bersahabat di Maju Tani. <br>- Kunjungi Toko Kami:** Segera kunjungi Maju Tani di [Alamat]. Temukan bagaimana kami dapat membantu pertanian Anda berkembang melalui produk dan layanan unggulan kami.<br><br>Maju Tani - Menuju Pertanian yang Lebih Modern, Efisien, dan Sukses!', 15),
(180, 2, 5, 5, 'Tunas Seed Sawi Hijau', 15000, 'tunasseedsawihijau.jpg', 'Selamat Datang di Maju Tani - Solusi Lengkap untuk Pertanian Modern<br><br>Maju Tani hadir sebagai mitra terbaik petani yang mengutamakan teknologi dan inovasi dalam setiap langkah pertanian. Temukan keunggulan kami:<br><br>- Alat Tani Terkini:  Dari teknologi canggih hingga alat klasik yang terbukti, Maju Tani menyediakan koleksi alat tani lengkap untuk mendukung produktivitas dan efisiensi pertanian Anda. <br>-Pupuk Premium:** Pilih dari rangkaian pupuk premium kami, dirancang untuk meningkatkan kualitas tanah dan hasil panen. Berkolaborasi dengan merek-merek terkemuka untuk pertumbuhan tanaman yang optimal. <br>-Teknologi Pertanian:** Gaya pertanian modern dengan teknologi terbaru. Dari irigasi otomatis hingga sensor tanah cerdas, Maju Tani menghadirkan solusi untuk membawa pertanian Anda ke level berikutnya. <br>-Harga Kompetitif:** Kami percaya pertanian maju haruslah terjangkau. Dapatkan produk berkualitas tinggi dengan harga yang bersahabat di Maju Tani. <br>- Kunjungi Toko Kami:** Segera kunjungi Maju Tani di [Alamat]. Temukan bagaimana kami dapat membantu pertanian Anda berkembang melalui produk dan layanan unggulan kami.<br><br>Maju Tani - Menuju Pertanian yang Lebih Modern, Efisien, dan Sukses!', 19),
(181, 2, 5, 5, 'Tosakan Sawi', 20000, 'tosakansawi.jpg', 'Selamat Datang di Maju Tani - Solusi Lengkap untuk Pertanian Modern<br><br>Maju Tani hadir sebagai mitra terbaik petani yang mengutamakan teknologi dan inovasi dalam setiap langkah pertanian. Temukan keunggulan kami:<br><br>- Alat Tani Terkini:  Dari teknologi canggih hingga alat klasik yang terbukti, Maju Tani menyediakan koleksi alat tani lengkap untuk mendukung produktivitas dan efisiensi pertanian Anda. <br>-Pupuk Premium:** Pilih dari rangkaian pupuk premium kami, dirancang untuk meningkatkan kualitas tanah dan hasil panen. Berkolaborasi dengan merek-merek terkemuka untuk pertumbuhan tanaman yang optimal. <br>-Teknologi Pertanian:** Gaya pertanian modern dengan teknologi terbaru. Dari irigasi otomatis hingga sensor tanah cerdas, Maju Tani menghadirkan solusi untuk membawa pertanian Anda ke level berikutnya. <br>-Harga Kompetitif:** Kami percaya pertanian maju haruslah terjangkau. Dapatkan produk berkualitas tinggi dengan harga yang bersahabat di Maju Tani. <br>- Kunjungi Toko Kami:** Segera kunjungi Maju Tani di [Alamat]. Temukan bagaimana kami dapat membantu pertanian Anda berkembang melalui produk dan layanan unggulan kami.<br><br>Maju Tani - Menuju Pertanian yang Lebih Modern, Efisien, dan Sukses!', 19),
(182, 2, 5, 5, 'Mahkota Sawi', 15000, 'mahkotasawi.jpg', 'Selamat Datang di Maju Tani - Solusi Lengkap untuk Pertanian Modern<br><br>Maju Tani hadir sebagai mitra terbaik petani yang mengutamakan teknologi dan inovasi dalam setiap langkah pertanian. Temukan keunggulan kami:<br><br>- Alat Tani Terkini:  Dari teknologi canggih hingga alat klasik yang terbukti, Maju Tani menyediakan koleksi alat tani lengkap untuk mendukung produktivitas dan efisiensi pertanian Anda. <br>-Pupuk Premium:** Pilih dari rangkaian pupuk premium kami, dirancang untuk meningkatkan kualitas tanah dan hasil panen. Berkolaborasi dengan merek-merek terkemuka untuk pertumbuhan tanaman yang optimal. <br>-Teknologi Pertanian:** Gaya pertanian modern dengan teknologi terbaru. Dari irigasi otomatis hingga sensor tanah cerdas, Maju Tani menghadirkan solusi untuk membawa pertanian Anda ke level berikutnya. <br>-Harga Kompetitif:** Kami percaya pertanian maju haruslah terjangkau. Dapatkan produk berkualitas tinggi dengan harga yang bersahabat di Maju Tani. <br>- Kunjungi Toko Kami:** Segera kunjungi Maju Tani di [Alamat]. Temukan bagaimana kami dapat membantu pertanian Anda berkembang melalui produk dan layanan unggulan kami.<br><br>Maju Tani - Menuju Pertanian yang Lebih Modern, Efisien, dan Sukses!', 18),
(183, 2, 5, 5, 'Puspita Kacang Panjang', 17000, 'puspitakacangpanjang.jpg', 'Selamat Datang di Maju Tani - Solusi Lengkap untuk Pertanian Modern<br><br>Maju Tani hadir sebagai mitra terbaik petani yang mengutamakan teknologi dan inovasi dalam setiap langkah pertanian. Temukan keunggulan kami:<br><br>- Alat Tani Terkini:  Dari teknologi canggih hingga alat klasik yang terbukti, Maju Tani menyediakan koleksi alat tani lengkap untuk mendukung produktivitas dan efisiensi pertanian Anda. <br>-Pupuk Premium:** Pilih dari rangkaian pupuk premium kami, dirancang untuk meningkatkan kualitas tanah dan hasil panen. Berkolaborasi dengan merek-merek terkemuka untuk pertumbuhan tanaman yang optimal. <br>-Teknologi Pertanian:** Gaya pertanian modern dengan teknologi terbaru. Dari irigasi otomatis hingga sensor tanah cerdas, Maju Tani menghadirkan solusi untuk membawa pertanian Anda ke level berikutnya. <br>-Harga Kompetitif:** Kami percaya pertanian maju haruslah terjangkau. Dapatkan produk berkualitas tinggi dengan harga yang bersahabat di Maju Tani. <br>- Kunjungi Toko Kami:** Segera kunjungi Maju Tani di [Alamat]. Temukan bagaimana kami dapat membantu pertanian Anda berkembang melalui produk dan layanan unggulan kami.<br><br>Maju Tani - Menuju Pertanian yang Lebih Modern, Efisien, dan Sukses!', 20),
(184, 2, 5, 5, 'Jaguar Kacang Panjang', 18000, 'jaguarkacangpanjang.jpg', 'Selamat Datang di Maju Tani - Solusi Lengkap untuk Pertanian Modern<br><br>Maju Tani hadir sebagai mitra terbaik petani yang mengutamakan teknologi dan inovasi dalam setiap langkah pertanian. Temukan keunggulan kami:<br><br>- Alat Tani Terkini:  Dari teknologi canggih hingga alat klasik yang terbukti, Maju Tani menyediakan koleksi alat tani lengkap untuk mendukung produktivitas dan efisiensi pertanian Anda. <br>-Pupuk Premium:** Pilih dari rangkaian pupuk premium kami, dirancang untuk meningkatkan kualitas tanah dan hasil panen. Berkolaborasi dengan merek-merek terkemuka untuk pertumbuhan tanaman yang optimal. <br>-Teknologi Pertanian:** Gaya pertanian modern dengan teknologi terbaru. Dari irigasi otomatis hingga sensor tanah cerdas, Maju Tani menghadirkan solusi untuk membawa pertanian Anda ke level berikutnya. <br>-Harga Kompetitif:** Kami percaya pertanian maju haruslah terjangkau. Dapatkan produk berkualitas tinggi dengan harga yang bersahabat di Maju Tani. <br>- Kunjungi Toko Kami:** Segera kunjungi Maju Tani di [Alamat]. Temukan bagaimana kami dapat membantu pertanian Anda berkembang melalui produk dan layanan unggulan kami.<br><br>Maju Tani - Menuju Pertanian yang Lebih Modern, Efisien, dan Sukses!', 19),
(185, 3, 5, 5, 'Npk Compaction ', 22500, 'npkcompaction.jpg', 'Selamat Datang di Maju Tani - Solusi Lengkap untuk Pertanian Modern<br><br>Maju Tani hadir sebagai mitra terbaik petani yang mengutamakan teknologi dan inovasi dalam setiap langkah pertanian. Temukan keunggulan kami:<br><br>- Alat Tani Terkini:  Dari teknologi canggih hingga alat klasik yang terbukti, Maju Tani menyediakan koleksi alat tani lengkap untuk mendukung produktivitas dan efisiensi pertanian Anda. <br>-Pupuk Premium:** Pilih dari rangkaian pupuk premium kami, dirancang untuk meningkatkan kualitas tanah dan hasil panen. Berkolaborasi dengan merek-merek terkemuka untuk pertumbuhan tanaman yang optimal. <br>-Teknologi Pertanian:** Gaya pertanian modern dengan teknologi terbaru. Dari irigasi otomatis hingga sensor tanah cerdas, Maju Tani menghadirkan solusi untuk membawa pertanian Anda ke level berikutnya. <br>-Harga Kompetitif:** Kami percaya pertanian maju haruslah terjangkau. Dapatkan produk berkualitas tinggi dengan harga yang bersahabat di Maju Tani. <br>- Kunjungi Toko Kami:** Segera kunjungi Maju Tani di [Alamat]. Temukan bagaimana kami dapat membantu pertanian Anda berkembang melalui produk dan layanan unggulan kami.<br><br>Maju Tani - Menuju Pertanian yang Lebih Modern, Efisien, dan Sukses!', 19),
(186, 3, 5, 5, 'Grand K kristal', 43000, 'grandkkristal.jpg', 'Selamat Datang di Maju Tani - Solusi Lengkap untuk Pertanian Modern<br><br>Maju Tani hadir sebagai mitra terbaik petani yang mengutamakan teknologi dan inovasi dalam setiap langkah pertanian. Temukan keunggulan kami:<br><br>- Alat Tani Terkini:  Dari teknologi canggih hingga alat klasik yang terbukti, Maju Tani menyediakan koleksi alat tani lengkap untuk mendukung produktivitas dan efisiensi pertanian Anda. <br>-Pupuk Premium:** Pilih dari rangkaian pupuk premium kami, dirancang untuk meningkatkan kualitas tanah dan hasil panen. Berkolaborasi dengan merek-merek terkemuka untuk pertumbuhan tanaman yang optimal. <br>-Teknologi Pertanian:** Gaya pertanian modern dengan teknologi terbaru. Dari irigasi otomatis hingga sensor tanah cerdas, Maju Tani menghadirkan solusi untuk membawa pertanian Anda ke level berikutnya. <br>-Harga Kompetitif:** Kami percaya pertanian maju haruslah terjangkau. Dapatkan produk berkualitas tinggi dengan harga yang bersahabat di Maju Tani. <br>- Kunjungi Toko Kami:** Segera kunjungi Maju Tani di [Alamat]. Temukan bagaimana kami dapat membantu pertanian Anda berkembang melalui produk dan layanan unggulan kami.<br><br>Maju Tani - Menuju Pertanian yang Lebih Modern, Efisien, dan Sukses!', 20),
(187, 3, 5, 5, 'Humic Acid', 45000, 'humicacid.jpg', 'Selamat Datang di Maju Tani - Solusi Lengkap untuk Pertanian Modern<br><br>Maju Tani hadir sebagai mitra terbaik petani yang mengutamakan teknologi dan inovasi dalam setiap langkah pertanian. Temukan keunggulan kami:<br><br>- Alat Tani Terkini:  Dari teknologi canggih hingga alat klasik yang terbukti, Maju Tani menyediakan koleksi alat tani lengkap untuk mendukung produktivitas dan efisiensi pertanian Anda. <br>-Pupuk Premium:** Pilih dari rangkaian pupuk premium kami, dirancang untuk meningkatkan kualitas tanah dan hasil panen. Berkolaborasi dengan merek-merek terkemuka untuk pertumbuhan tanaman yang optimal. <br>-Teknologi Pertanian:** Gaya pertanian modern dengan teknologi terbaru. Dari irigasi otomatis hingga sensor tanah cerdas, Maju Tani menghadirkan solusi untuk membawa pertanian Anda ke level berikutnya. <br>-Harga Kompetitif:** Kami percaya pertanian maju haruslah terjangkau. Dapatkan produk berkualitas tinggi dengan harga yang bersahabat di Maju Tani. <br>- Kunjungi Toko Kami:** Segera kunjungi Maju Tani di [Alamat]. Temukan bagaimana kami dapat membantu pertanian Anda berkembang melalui produk dan layanan unggulan kami.<br><br>Maju Tani - Menuju Pertanian yang Lebih Modern, Efisien, dan Sukses!', 19),
(188, 3, 5, 5, 'Gandasil B', 45000, 'gandasilb.jpg', 'Selamat Datang di Maju Tani - Solusi Lengkap untuk Pertanian Modern<br><br>Maju Tani hadir sebagai mitra terbaik petani yang mengutamakan teknologi dan inovasi dalam setiap langkah pertanian. Temukan keunggulan kami:<br><br>- Alat Tani Terkini:  Dari teknologi canggih hingga alat klasik yang terbukti, Maju Tani menyediakan koleksi alat tani lengkap untuk mendukung produktivitas dan efisiensi pertanian Anda. <br>-Pupuk Premium:** Pilih dari rangkaian pupuk premium kami, dirancang untuk meningkatkan kualitas tanah dan hasil panen. Berkolaborasi dengan merek-merek terkemuka untuk pertumbuhan tanaman yang optimal. <br>-Teknologi Pertanian:** Gaya pertanian modern dengan teknologi terbaru. Dari irigasi otomatis hingga sensor tanah cerdas, Maju Tani menghadirkan solusi untuk membawa pertanian Anda ke level berikutnya. <br>-Harga Kompetitif:** Kami percaya pertanian maju haruslah terjangkau. Dapatkan produk berkualitas tinggi dengan harga yang bersahabat di Maju Tani. <br>- Kunjungi Toko Kami:** Segera kunjungi Maju Tani di [Alamat]. Temukan bagaimana kami dapat membantu pertanian Anda berkembang melalui produk dan layanan unggulan kami.<br><br>Maju Tani - Menuju Pertanian yang Lebih Modern, Efisien, dan Sukses!', 15),
(189, 3, 5, 5, 'Gandasil D', 43000, 'gandasild.jpg', 'Selamat Datang di Maju Tani - Solusi Lengkap untuk Pertanian Modern<br><br>Maju Tani hadir sebagai mitra terbaik petani yang mengutamakan teknologi dan inovasi dalam setiap langkah pertanian. Temukan keunggulan kami:<br><br>- Alat Tani Terkini:  Dari teknologi canggih hingga alat klasik yang terbukti, Maju Tani menyediakan koleksi alat tani lengkap untuk mendukung produktivitas dan efisiensi pertanian Anda. <br>-Pupuk Premium:** Pilih dari rangkaian pupuk premium kami, dirancang untuk meningkatkan kualitas tanah dan hasil panen. Berkolaborasi dengan merek-merek terkemuka untuk pertumbuhan tanaman yang optimal. <br>-Teknologi Pertanian:** Gaya pertanian modern dengan teknologi terbaru. Dari irigasi otomatis hingga sensor tanah cerdas, Maju Tani menghadirkan solusi untuk membawa pertanian Anda ke level berikutnya. <br>-Harga Kompetitif:** Kami percaya pertanian maju haruslah terjangkau. Dapatkan produk berkualitas tinggi dengan harga yang bersahabat di Maju Tani. <br>- Kunjungi Toko Kami:** Segera kunjungi Maju Tani di [Alamat]. Temukan bagaimana kami dapat membantu pertanian Anda berkembang melalui produk dan layanan unggulan kami.<br><br>Maju Tani - Menuju Pertanian yang Lebih Modern, Efisien, dan Sukses!', 15),
(190, 1, 5, 5, 'Tali Plastik Bell 0,6 kg', 32000, 'taliplastik0.6kg.jpg', 'Selamat Datang di Maju Tani - Solusi Lengkap untuk Pertanian Modern<br><br>Maju Tani hadir sebagai mitra terbaik petani yang mengutamakan teknologi dan inovasi dalam setiap langkah pertanian. Temukan keunggulan kami:<br><br>- Alat Tani Terkini:  Dari teknologi canggih hingga alat klasik yang terbukti, Maju Tani menyediakan koleksi alat tani lengkap untuk mendukung produktivitas dan efisiensi pertanian Anda. <br>-Pupuk Premium:** Pilih dari rangkaian pupuk premium kami, dirancang untuk meningkatkan kualitas tanah dan hasil panen. Berkolaborasi dengan merek-merek terkemuka untuk pertumbuhan tanaman yang optimal. <br>-Teknologi Pertanian:** Gaya pertanian modern dengan teknologi terbaru. Dari irigasi otomatis hingga sensor tanah cerdas, Maju Tani menghadirkan solusi untuk membawa pertanian Anda ke level berikutnya. <br>-Harga Kompetitif:** Kami percaya pertanian maju haruslah terjangkau. Dapatkan produk berkualitas tinggi dengan harga yang bersahabat di Maju Tani. <br>- Kunjungi Toko Kami:** Segera kunjungi Maju Tani di [Alamat]. Temukan bagaimana kami dapat membantu pertanian Anda berkembang melalui produk dan layanan unggulan kami.<br><br>Maju Tani - Menuju Pertanian yang Lebih Modern, Efisien, dan Sukses!', 20),
(191, 4, 5, 5, 'Antracol 70 wp 500 g', 75000, 'antracol70wp 500$250g.jpg', 'Selamat Datang di Maju Tani - Solusi Lengkap untuk Pertanian Modern<br><br>Maju Tani hadir sebagai mitra terbaik petani yang mengutamakan teknologi dan inovasi dalam setiap langkah pertanian. Temukan keunggulan kami:<br><br>- Alat Tani Terkini:  Dari teknologi canggih hingga alat klasik yang terbukti, Maju Tani menyediakan koleksi alat tani lengkap untuk mendukung produktivitas dan efisiensi pertanian Anda. <br>-Pupuk Premium:** Pilih dari rangkaian pupuk premium kami, dirancang untuk meningkatkan kualitas tanah dan hasil panen. Berkolaborasi dengan merek-merek terkemuka untuk pertumbuhan tanaman yang optimal. <br>-Teknologi Pertanian:** Gaya pertanian modern dengan teknologi terbaru. Dari irigasi otomatis hingga sensor tanah cerdas, Maju Tani menghadirkan solusi untuk membawa pertanian Anda ke level berikutnya. <br>-Harga Kompetitif:** Kami percaya pertanian maju haruslah terjangkau. Dapatkan produk berkualitas tinggi dengan harga yang bersahabat di Maju Tani. <br>- Kunjungi Toko Kami:** Segera kunjungi Maju Tani di [Alamat]. Temukan bagaimana kami dapat membantu pertanian Anda berkembang melalui produk dan layanan unggulan kami.<br><br>Maju Tani - Menuju Pertanian yang Lebih Modern, Efisien, dan Sukses!', 20),
(192, 4, 5, 5, 'Antracol 70 wp 250 g', 45000, 'antracol70wp 500$250g.jpg', 'Selamat Datang di Maju Tani - Solusi Lengkap untuk Pertanian Modern<br><br>Maju Tani hadir sebagai mitra terbaik petani yang mengutamakan teknologi dan inovasi dalam setiap langkah pertanian. Temukan keunggulan kami:<br><br>- Alat Tani Terkini:  Dari teknologi canggih hingga alat klasik yang terbukti, Maju Tani menyediakan koleksi alat tani lengkap untuk mendukung produktivitas dan efisiensi pertanian Anda. <br>-Pupuk Premium:** Pilih dari rangkaian pupuk premium kami, dirancang untuk meningkatkan kualitas tanah dan hasil panen. Berkolaborasi dengan merek-merek terkemuka untuk pertumbuhan tanaman yang optimal. <br>-Teknologi Pertanian:** Gaya pertanian modern dengan teknologi terbaru. Dari irigasi otomatis hingga sensor tanah cerdas, Maju Tani menghadirkan solusi untuk membawa pertanian Anda ke level berikutnya. <br>-Harga Kompetitif:** Kami percaya pertanian maju haruslah terjangkau. Dapatkan produk berkualitas tinggi dengan harga yang bersahabat di Maju Tani. <br>- Kunjungi Toko Kami:** Segera kunjungi Maju Tani di [Alamat]. Temukan bagaimana kami dapat membantu pertanian Anda berkembang melalui produk dan layanan unggulan kami.<br><br>Maju Tani - Menuju Pertanian yang Lebih Modern, Efisien, dan Sukses!', 19),
(193, 4, 5, 5, 'Diazino 10 gr', 45000, 'diazinon100ml.jpeg', 'Selamat Datang di Maju Tani - Solusi Lengkap untuk Pertanian Modern<br><br>Maju Tani hadir sebagai mitra terbaik petani yang mengutamakan teknologi dan inovasi dalam setiap langkah pertanian. Temukan keunggulan kami:<br><br>- Alat Tani Terkini:  Dari teknologi canggih hingga alat klasik yang terbukti, Maju Tani menyediakan koleksi alat tani lengkap untuk mendukung produktivitas dan efisiensi pertanian Anda. <br>-Pupuk Premium:** Pilih dari rangkaian pupuk premium kami, dirancang untuk meningkatkan kualitas tanah dan hasil panen. Berkolaborasi dengan merek-merek terkemuka untuk pertumbuhan tanaman yang optimal. <br>-Teknologi Pertanian:** Gaya pertanian modern dengan teknologi terbaru. Dari irigasi otomatis hingga sensor tanah cerdas, Maju Tani menghadirkan solusi untuk membawa pertanian Anda ke level berikutnya. <br>-Harga Kompetitif:** Kami percaya pertanian maju haruslah terjangkau. Dapatkan produk berkualitas tinggi dengan harga yang bersahabat di Maju Tani. <br>- Kunjungi Toko Kami:** Segera kunjungi Maju Tani di [Alamat]. Temukan bagaimana kami dapat membantu pertanian Anda berkembang melalui produk dan layanan unggulan kami.<br><br>Maju Tani - Menuju Pertanian yang Lebih Modern, Efisien, dan Sukses!', 20),
(194, 4, 5, 5, 'Furadan 2 kg', 38000, 'furadan2kg.jpg', 'Selamat Datang di Maju Tani - Solusi Lengkap untuk Pertanian Modern<br><br>Maju Tani hadir sebagai mitra terbaik petani yang mengutamakan teknologi dan inovasi dalam setiap langkah pertanian. Temukan keunggulan kami:<br><br>- Alat Tani Terkini:  Dari teknologi canggih hingga alat klasik yang terbukti, Maju Tani menyediakan koleksi alat tani lengkap untuk mendukung produktivitas dan efisiensi pertanian Anda. <br>-Pupuk Premium:** Pilih dari rangkaian pupuk premium kami, dirancang untuk meningkatkan kualitas tanah dan hasil panen. Berkolaborasi dengan merek-merek terkemuka untuk pertumbuhan tanaman yang optimal. <br>-Teknologi Pertanian:** Gaya pertanian modern dengan teknologi terbaru. Dari irigasi otomatis hingga sensor tanah cerdas, Maju Tani menghadirkan solusi untuk membawa pertanian Anda ke level berikutnya. <br>-Harga Kompetitif:** Kami percaya pertanian maju haruslah terjangkau. Dapatkan produk berkualitas tinggi dengan harga yang bersahabat di Maju Tani. <br>- Kunjungi Toko Kami:** Segera kunjungi Maju Tani di [Alamat]. Temukan bagaimana kami dapat membantu pertanian Anda berkembang melalui produk dan layanan unggulan kami.<br><br>Maju Tani - Menuju Pertanian yang Lebih Modern, Efisien, dan Sukses!', 18),
(195, 2, 5, 5, 'Benih Tomat ', 160000, 'benihtomat.jpg', 'Selamat Datang di Maju Tani - Solusi Lengkap untuk Pertanian Modern<br><br>Maju Tani hadir sebagai mitra terbaik petani yang mengutamakan teknologi dan inovasi dalam setiap langkah pertanian. Temukan keunggulan kami:<br><br>- Alat Tani Terkini:  Dari teknologi canggih hingga alat klasik yang terbukti, Maju Tani menyediakan koleksi alat tani lengkap untuk mendukung produktivitas dan efisiensi pertanian Anda. <br>-Pupuk Premium:** Pilih dari rangkaian pupuk premium kami, dirancang untuk meningkatkan kualitas tanah dan hasil panen. Berkolaborasi dengan merek-merek terkemuka untuk pertumbuhan tanaman yang optimal. <br>-Teknologi Pertanian:** Gaya pertanian modern dengan teknologi terbaru. Dari irigasi otomatis hingga sensor tanah cerdas, Maju Tani menghadirkan solusi untuk membawa pertanian Anda ke level berikutnya. <br>-Harga Kompetitif:** Kami percaya pertanian maju haruslah terjangkau. Dapatkan produk berkualitas tinggi dengan harga yang bersahabat di Maju Tani. <br>- Kunjungi Toko Kami:** Segera kunjungi Maju Tani di [Alamat]. Temukan bagaimana kami dapat membantu pertanian Anda berkembang melalui produk dan layanan unggulan kami.<br><br>Maju Tani - Menuju Pertanian yang Lebih Modern, Efisien, dan Sukses!', 19),
(196, 2, 5, 5, 'Benih Cabe Rawit', 85000, 'benihk.jpeg', 'Selamat Datang di Maju Tani - Solusi Lengkap untuk Pertanian Modern<br><br>Maju Tani hadir sebagai mitra terbaik petani yang mengutamakan teknologi dan inovasi dalam setiap langkah pertanian. Temukan keunggulan kami:<br><br>- Alat Tani Terkini:  Dari teknologi canggih hingga alat klasik yang terbukti, Maju Tani menyediakan koleksi alat tani lengkap untuk mendukung produktivitas dan efisiensi pertanian Anda. <br>-Pupuk Premium:** Pilih dari rangkaian pupuk premium kami, dirancang untuk meningkatkan kualitas tanah dan hasil panen. Berkolaborasi dengan merek-merek terkemuka untuk pertumbuhan tanaman yang optimal. <br>-Teknologi Pertanian:** Gaya pertanian modern dengan teknologi terbaru. Dari irigasi otomatis hingga sensor tanah cerdas, Maju Tani menghadirkan solusi untuk membawa pertanian Anda ke level berikutnya. <br>-Harga Kompetitif:** Kami percaya pertanian maju haruslah terjangkau. Dapatkan produk berkualitas tinggi dengan harga yang bersahabat di Maju Tani. <br>- Kunjungi Toko Kami:** Segera kunjungi Maju Tani di [Alamat]. Temukan bagaimana kami dapat membantu pertanian Anda berkembang melalui produk dan layanan unggulan kami.<br><br>Maju Tani - Menuju Pertanian yang Lebih Modern, Efisien, dan Sukses!', 16),
(197, 2, 5, 5, 'Topsin 70 wp 500 g', 90000, 'topsin70wp500&100.jpg', 'Selamat Datang di Maju Tani - Solusi Lengkap untuk Pertanian Modern<br><br>Maju Tani hadir sebagai mitra terbaik petani yang mengutamakan teknologi dan inovasi dalam setiap langkah pertanian. Temukan keunggulan kami:<br><br>- Alat Tani Terkini:  Dari teknologi canggih hingga alat klasik yang terbukti, Maju Tani menyediakan koleksi alat tani lengkap untuk mendukung produktivitas dan efisiensi pertanian Anda. <br>-Pupuk Premium:** Pilih dari rangkaian pupuk premium kami, dirancang untuk meningkatkan kualitas tanah dan hasil panen. Berkolaborasi dengan merek-merek terkemuka untuk pertumbuhan tanaman yang optimal. <br>-Teknologi Pertanian:** Gaya pertanian modern dengan teknologi terbaru. Dari irigasi otomatis hingga sensor tanah cerdas, Maju Tani menghadirkan solusi untuk membawa pertanian Anda ke level berikutnya. <br>-Harga Kompetitif:** Kami percaya pertanian maju haruslah terjangkau. Dapatkan produk berkualitas tinggi dengan harga yang bersahabat di Maju Tani. <br>- Kunjungi Toko Kami:** Segera kunjungi Maju Tani di [Alamat]. Temukan bagaimana kami dapat membantu pertanian Anda berkembang melalui produk dan layanan unggulan kami.<br><br>Maju Tani - Menuju Pertanian yang Lebih Modern, Efisien, dan Sukses!', 15),
(198, 2, 5, 5, 'Topsin 70 wp 100 g', 22000, 'topsin70wp500&100.jpg', 'Selamat Datang di Maju Tani - Solusi Lengkap untuk Pertanian Modern<br><br>Maju Tani hadir sebagai mitra terbaik petani yang mengutamakan teknologi dan inovasi dalam setiap langkah pertanian. Temukan keunggulan kami:<br><br>- Alat Tani Terkini:  Dari teknologi canggih hingga alat klasik yang terbukti, Maju Tani menyediakan koleksi alat tani lengkap untuk mendukung produktivitas dan efisiensi pertanian Anda. <br>-Pupuk Premium:** Pilih dari rangkaian pupuk premium kami, dirancang untuk meningkatkan kualitas tanah dan hasil panen. Berkolaborasi dengan merek-merek terkemuka untuk pertumbuhan tanaman yang optimal. <br>-Teknologi Pertanian:** Gaya pertanian modern dengan teknologi terbaru. Dari irigasi otomatis hingga sensor tanah cerdas, Maju Tani menghadirkan solusi untuk membawa pertanian Anda ke level berikutnya. <br>-Harga Kompetitif:** Kami percaya pertanian maju haruslah terjangkau. Dapatkan produk berkualitas tinggi dengan harga yang bersahabat di Maju Tani. <br>- Kunjungi Toko Kami:** Segera kunjungi Maju Tani di [Alamat]. Temukan bagaimana kami dapat membantu pertanian Anda berkembang melalui produk dan layanan unggulan kami.<br><br>Maju Tani - Menuju Pertanian yang Lebih Modern, Efisien, dan Sukses!', 19),
(199, 3, 5, 5, 'Multigrow', 15000, 'multigrow.jpg', 'Selamat Datang di Maju Tani - Solusi Lengkap untuk Pertanian Modern<br><br>Maju Tani hadir sebagai mitra terbaik petani yang mengutamakan teknologi dan inovasi dalam setiap langkah pertanian. Temukan keunggulan kami:<br><br>- Alat Tani Terkini:  Dari teknologi canggih hingga alat klasik yang terbukti, Maju Tani menyediakan koleksi alat tani lengkap untuk mendukung produktivitas dan efisiensi pertanian Anda. <br>-Pupuk Premium:** Pilih dari rangkaian pupuk premium kami, dirancang untuk meningkatkan kualitas tanah dan hasil panen. Berkolaborasi dengan merek-merek terkemuka untuk pertumbuhan tanaman yang optimal. <br>-Teknologi Pertanian:** Gaya pertanian modern dengan teknologi terbaru. Dari irigasi otomatis hingga sensor tanah cerdas, Maju Tani menghadirkan solusi untuk membawa pertanian Anda ke level berikutnya. <br>-Harga Kompetitif:** Kami percaya pertanian maju haruslah terjangkau. Dapatkan produk berkualitas tinggi dengan harga yang bersahabat di Maju Tani. <br>- Kunjungi Toko Kami:** Segera kunjungi Maju Tani di [Alamat]. Temukan bagaimana kami dapat membantu pertanian Anda berkembang melalui produk dan layanan unggulan kami.<br><br>Maju Tani - Menuju Pertanian yang Lebih Modern, Efisien, dan Sukses!', 18);

-- --------------------------------------------------------

--
-- Struktur dari tabel `toko`
--

CREATE TABLE `toko` (
  `id` int(11) NOT NULL,
  `user_id` int(11) NOT NULL,
  `nama` varchar(50) NOT NULL,
  `alamat` varchar(255) NOT NULL,
  `kontak` varchar(50) NOT NULL,
  `gambar` varchar(255) NOT NULL,
  `latitude` double NOT NULL,
  `longitude` double NOT NULL
) ENGINE=InnoDB DEFAULT CHARSET=utf8mb4 COLLATE=utf8mb4_general_ci;

--
-- Dumping data untuk tabel `toko`
--

INSERT INTO `toko` (`id`, `user_id`, `nama`, `alamat`, `kontak`, `gambar`, `latitude`, `longitude`) VALUES
(2, 2, 'Barokah', 'Pasar Jalan Gatot Subroto, Kauman, Kedu, Kec. Kedu, Kabupaten Temanggung, Jawa Tengah 56252', '08122743703', 'Barokah.jpeg', -7.276229108716885, 110.15180309152323),
(3, 3, 'AA Pertanian', 'Jl. Ajibarang Secang No.120B, Ngemplak, Kedu, Kec. Kedu, Kabupaten Temanggung, Jawa Tengah 56252', '085295160703', 'AA_Pertanian.jpeg', -7.276537739327342, 110.15335877298122),
(4, 4, 'Berkah Tani', 'Gelaran, RT.03/RW.04, Nglorok Wetan, Kutoanyar, Kedu, Temanggung Regency, Central Java 56252', '085328102764', 'Berkahtani.jpeg', -7.271760032026029, 110.11668123065716),
(5, 5, 'Maju Tani', 'Kauman, Kec. Kedu, Kabupaten Temanggung, Jawa Tengah 56252', '085229989004', 'Tani maju.jpeg', -7.278238055276829, 110.15226916885035),
(6, 6, 'Toko Alat Tani', 'Wirodono, Karangtejo, Kedu, Temanggung, Jawa Tengah 56252', 'tkalattani@yahoo.com', 'toko alat tani.jpeg', -7.263552171221719, 110.15168824459619);

-- --------------------------------------------------------

--
-- Struktur dari tabel `users`
--

CREATE TABLE `users` (
  `id` int(11) NOT NULL,
  `username` varchar(25) NOT NULL,
  `sandi` varchar(255) NOT NULL,
  `role` varchar(10) NOT NULL DEFAULT 'tamu'
) ENGINE=InnoDB DEFAULT CHARSET=utf8mb4 COLLATE=utf8mb4_general_ci;

--
-- Dumping data untuk tabel `users`
--

INSERT INTO `users` (`id`, `username`, `sandi`, `role`) VALUES
(1, 'admin', '$2y$11$DO.yt3DnuSDoUy4j.u6Y/uK.DlgrWmLAPH5ZQH/7KMaZNASToMXfe', 'admin'),
(2, 'barokah', '$2y$10$JpmF3GxcmvX6/fAEHUGoQO25bZh.6qYRM35T0ApG7jJbaVDQge3Hu', 'tamu'),
(3, 'aa', '$2y$10$.Yw07zuNwgdjBLW2OWW33ubY0cksi0C9qJZRrv6s5npMCZ.bu3H02', 'tamu'),
(4, 'berkah', '$2y$10$fud6jIwJAzWt4EDiYxx6kOMmU8Xxlrck31r5orYoQ6IRNzHEq/fpK', 'tamu'),
(5, 'maju', '$2y$10$NkHA4IQUIdTEPOKwH9N6RuXBQs1hy0slsCv8I2O.dqG7YUjQvPQ3S', 'tamu'),
(6, 'alattani', '$2y$10$3sPFKel1bZnB8DSzgdTEQuFqj06Z5Fb89ZsnE0XMbi8T3PZSiwNC.', 'tamu');

--
-- Indexes for dumped tables
--

--
-- Indeks untuk tabel `kategori`
--
ALTER TABLE `kategori`
  ADD PRIMARY KEY (`id`);

--
-- Indeks untuk tabel `produk`
--
ALTER TABLE `produk`
  ADD PRIMARY KEY (`id`),
  ADD KEY `kategori_id` (`kategori_id`),
  ADD KEY `toko_id` (`toko_id`),
  ADD KEY `user_id` (`user_id`);

--
-- Indeks untuk tabel `toko`
--
ALTER TABLE `toko`
  ADD PRIMARY KEY (`id`),
  ADD KEY `user_id` (`user_id`);

--
-- Indeks untuk tabel `users`
--
ALTER TABLE `users`
  ADD PRIMARY KEY (`id`);

--
-- AUTO_INCREMENT untuk tabel yang dibuang
--

--
-- AUTO_INCREMENT untuk tabel `kategori`
--
ALTER TABLE `kategori`
  MODIFY `id` int(11) NOT NULL AUTO_INCREMENT, AUTO_INCREMENT=5;

--
-- AUTO_INCREMENT untuk tabel `produk`
--
ALTER TABLE `produk`
  MODIFY `id` int(11) NOT NULL AUTO_INCREMENT, AUTO_INCREMENT=200;

--
-- AUTO_INCREMENT untuk tabel `toko`
--
ALTER TABLE `toko`
  MODIFY `id` int(11) NOT NULL AUTO_INCREMENT, AUTO_INCREMENT=47;

--
-- AUTO_INCREMENT untuk tabel `users`
--
ALTER TABLE `users`
  MODIFY `id` int(11) NOT NULL AUTO_INCREMENT, AUTO_INCREMENT=33;

--
-- Ketidakleluasaan untuk tabel pelimpahan (Dumped Tables)
--

--
-- Ketidakleluasaan untuk tabel `produk`
--
ALTER TABLE `produk`
  ADD CONSTRAINT `produk_ibfk_1` FOREIGN KEY (`kategori_id`) REFERENCES `kategori` (`id`),
  ADD CONSTRAINT `produk_ibfk_2` FOREIGN KEY (`toko_id`) REFERENCES `toko` (`id`),
  ADD CONSTRAINT `produk_ibfk_3` FOREIGN KEY (`user_id`) REFERENCES `users` (`id`);

--
-- Ketidakleluasaan untuk tabel `toko`
--
ALTER TABLE `toko`
  ADD CONSTRAINT `toko_ibfk_1` FOREIGN KEY (`user_id`) REFERENCES `users` (`id`);
COMMIT;

/*!40101 SET CHARACTER_SET_CLIENT=@OLD_CHARACTER_SET_CLIENT */;
/*!40101 SET CHARACTER_SET_RESULTS=@OLD_CHARACTER_SET_RESULTS */;
/*!40101 SET COLLATION_CONNECTION=@OLD_COLLATION_CONNECTION */;
